SSL/TLS handshake completed
IPv4: listen 127.0.0.1:64194
[id=1] [  0.013] closed
[ALPN] client offers:
 * http/1.1
 * h2
The negotiated protocol: h2
[id=2] [  0.616] send SETTINGS frame <length=12, flags=0x00, stream_id=0>
          (niv=2)
          [SETTINGS_MAX_CONCURRENT_STREAMS(0x03):8]
          [SETTINGS_NO_RFC7540_PRIORITIES(0x09):1]
[id=2] [  0.624] recv SETTINGS frame <length=12, flags=0x00, stream_id=0>
          (niv=2)
          [SETTINGS_MAX_CONCURRENT_STREAMS(0x03):100]
          [SETTINGS_INITIAL_WINDOW_SIZE(0x04):16384]
[id=2] [  0.624] send SETTINGS frame <length=0, flags=0x01, stream_id=0>
          ; ACK
          (niv=0)
[id=2] [  0.624] recv SETTINGS frame <length=0, flags=0x01, stream_id=0>
          ; ACK
          (niv=0)
[id=2] [  0.628] recv (stream_id=1) :method: POST
[id=2] [  0.628] recv (stream_id=1) :authority: 127.0.0.1:64194
[id=2] [  0.628] recv (stream_id=1) :path: /small.sse
[id=2] [  0.628] recv (stream_id=1) :scheme: https
[id=2] [  0.628] recv (stream_id=1, sensitive) x-fixture: fourth
[id=2] [  0.628] recv (stream_id=1) content-type: application/json
[id=2] [  0.628] recv (stream_id=1) accept: text/event-stream
[id=2] [  0.628] recv (stream_id=1) accept-encoding: identity
[id=2] [  0.628] recv (stream_id=1, sensitive) content-length: 82
[id=2] [  0.628] recv HEADERS frame <length=79, flags=0x04, stream_id=1>
          ; END_HEADERS
          (padlen=0)
          ; Open new stream
[id=2] [  0.628] recv DATA frame <length=82, flags=0x01, stream_id=1>
          ; END_STREAM
[id=2] [  0.628] send HEADERS frame <length=97, flags=0x04, stream_id=1>
          ; END_HEADERS
          (padlen=0)
          ; First response header
          :status: 200
          server: nghttpd nghttp2/1.70.0
          cache-control: max-age=3600
          date: Fri, 02 Oct 2026 00:48:12 GMT
          content-length: 47
          last-modified: Fri, 02 Oct 2026 00:48:11 GMT
          content-type: text/event-stream
[id=2] [  0.628] send DATA frame <length=47, flags=0x01, stream_id=1>
          ; END_STREAM
[id=2] [  0.628] stream_id=1 closed
[id=2] [  0.637] recv WINDOW_UPDATE frame <length=4, flags=0x00, stream_id=0>
          (window_size_increment=65582)
[id=2] [  0.638] recv (stream_id=3) :method: POST
[id=2] [  0.638] recv (stream_id=3) :authority: 127.0.0.1:64194
[id=2] [  0.638] recv (stream_id=3) :path: /long.sse
[id=2] [  0.638] recv (stream_id=3) :scheme: https
[id=2] [  0.638] recv (stream_id=3, sensitive) x-fixture: fourth
[id=2] [  0.638] recv (stream_id=3) content-type: application/json
[id=2] [  0.638] recv (stream_id=3) accept: text/event-stream
[id=2] [  0.638] recv (stream_id=3) accept-encoding: identity
[id=2] [  0.638] recv (stream_id=3, sensitive) content-length: 82
[id=2] [  0.638] recv HEADERS frame <length=35, flags=0x04, stream_id=3>
          ; END_HEADERS
          (padlen=0)
          ; Open new stream
[id=2] [  0.638] recv DATA frame <length=82, flags=0x01, stream_id=3>
          ; END_STREAM
[id=2] [  0.638] send HEADERS frame <length=14, flags=0x04, stream_id=3>
          ; END_HEADERS
          (padlen=0)
          ; First response header
          :status: 200
          server: nghttpd nghttp2/1.70.0
          cache-control: max-age=3600
          date: Fri, 02 Oct 2026 00:48:12 GMT
          content-length: 2138134
          last-modified: Fri, 02 Oct 2026 00:48:11 GMT
          content-type: text/event-stream
[id=2] [  0.638] send DATA frame <length=16384, flags=0x00, stream_id=3>
[id=2] [  0.639] recv WINDOW_UPDATE frame <length=4, flags=0x00, stream_id=3>
          (window_size_increment=81919)
[id=2] [  0.639] send DATA frame <length=16384, flags=0x00, stream_id=3>
[id=2] [  0.639] send DATA frame <length=16384, flags=0x00, stream_id=3>
[id=2] [  0.639] send DATA frame <length=16384, flags=0x00, stream_id=3>
[id=2] [  0.639] send DATA frame <length=16384, flags=0x00, stream_id=3>
[id=2] [  0.639] send DATA frame <length=16383, flags=0x00, stream_id=3>
[id=2] [  0.639] recv (stream_id=5) :method: POST
[id=2] [  0.639] recv (stream_id=5) :authority: 127.0.0.1:64194
[id=2] [  0.639] recv (stream_id=5) :path: /long.sse
[id=2] [  0.639] recv (stream_id=5) :scheme: https
[id=2] [  0.639] recv (stream_id=5, sensitive) x-fixture: fourth
[id=2] [  0.639] recv (stream_id=5) content-type: application/json
[id=2] [  0.639] recv (stream_id=5) accept: text/event-stream
[id=2] [  0.639] recv (stream_id=5) accept-encoding: identity
[id=2] [  0.639] recv (stream_id=5, sensitive) content-length: 82
[id=2] [  0.639] recv HEADERS frame <length=27, flags=0x04, stream_id=5>
          ; END_HEADERS
          (padlen=0)
          ; Open new stream
[id=2] [  0.639] recv DATA frame <length=82, flags=0x01, stream_id=5>
          ; END_STREAM
[id=2] [  0.639] send HEADERS frame <length=14, flags=0x04, stream_id=5>
          ; END_HEADERS
          (padlen=0)
          ; First response header
          :status: 200
          server: nghttpd nghttp2/1.70.0
          cache-control: max-age=3600
          date: Fri, 02 Oct 2026 00:48:12 GMT
          content-length: 2138134
          last-modified: Fri, 02 Oct 2026 00:48:11 GMT
          content-type: text/event-stream
[id=2] [  0.639] send DATA frame <length=16384, flags=0x00, stream_id=5>
[id=2] [  0.639] recv WINDOW_UPDATE frame <length=4, flags=0x00, stream_id=0>
          (window_size_increment=65536)
[id=2] [  0.640] recv WINDOW_UPDATE frame <length=4, flags=0x00, stream_id=5>
          (window_size_increment=81919)
[id=2] [  0.640] send DATA frame <length=16384, flags=0x00, stream_id=5>
[id=2] [  0.640] send DATA frame <length=16384, flags=0x00, stream_id=5>
[id=2] [  0.640] send DATA frame <length=16384, flags=0x00, stream_id=5>
[id=2] [  0.640] send DATA frame <length=16384, flags=0x00, stream_id=5>
[id=2] [  0.640] send DATA frame <length=16383, flags=0x00, stream_id=5>
[id=2] [  0.640] recv RST_STREAM frame <length=4, flags=0x00, stream_id=3>
          (error_code=CANCEL(0x08))
[id=2] [  0.640] stream_id=3 closed
[id=2] [  0.640] recv WINDOW_UPDATE frame <length=4, flags=0x00, stream_id=0>
          (window_size_increment=81919)
[id=2] [  0.641] recv WINDOW_UPDATE frame <length=4, flags=0x00, stream_id=5>
          (window_size_increment=81919)
[id=2] [  0.641] send DATA frame <length=16384, flags=0x00, stream_id=5>
[id=2] [  0.641] send DATA frame <length=16384, flags=0x00, stream_id=5>
[id=2] [  0.641] send DATA frame <length=16384, flags=0x00, stream_id=5>
[id=2] [  0.641] send DATA frame <length=16384, flags=0x00, stream_id=5>
[id=2] [  0.641] send DATA frame <length=16383, flags=0x00, stream_id=5>
[id=2] [  0.641] recv WINDOW_UPDATE frame <length=4, flags=0x00, stream_id=0>
          (window_size_increment=81919)
[id=2] [  0.642] recv WINDOW_UPDATE frame <length=4, flags=0x00, stream_id=5>
          (window_size_increment=81919)
[id=2] [  0.642] send DATA frame <length=16384, flags=0x00, stream_id=5>
[id=2] [  0.642] send DATA frame <length=16384, flags=0x00, stream_id=5>
[id=2] [  0.642] send DATA frame <length=16384, flags=0x00, stream_id=5>
[id=2] [  0.642] send DATA frame <length=16384, flags=0x00, stream_id=5>
[id=2] [  0.642] send DATA frame <length=16383, flags=0x00, stream_id=5>
[id=2] [  0.642] recv WINDOW_UPDATE frame <length=4, flags=0x00, stream_id=0>
          (window_size_increment=81919)
[id=2] [  0.644] recv WINDOW_UPDATE frame <length=4, flags=0x00, stream_id=5>
          (window_size_increment=81919)
[id=2] [  0.644] send DATA frame <length=16384, flags=0x00, stream_id=5>
[id=2] [  0.644] send DATA frame <length=16384, flags=0x00, stream_id=5>
[id=2] [  0.644] send DATA frame <length=16384, flags=0x00, stream_id=5>
[id=2] [  0.644] send DATA frame <length=16384, flags=0x00, stream_id=5>
[id=2] [  0.644] send DATA frame <length=16383, flags=0x00, stream_id=5>
[id=2] [  0.644] recv WINDOW_UPDATE frame <length=4, flags=0x00, stream_id=0>
          (window_size_increment=81919)
[id=2] [  0.646] recv WINDOW_UPDATE frame <length=4, flags=0x00, stream_id=5>
          (window_size_increment=81919)
[id=2] [  0.646] send DATA frame <length=16384, flags=0x00, stream_id=5>
[id=2] [  0.646] send DATA frame <length=16384, flags=0x00, stream_id=5>
[id=2] [  0.646] send DATA frame <length=16384, flags=0x00, stream_id=5>
[id=2] [  0.646] send DATA frame <length=16384, flags=0x00, stream_id=5>
[id=2] [  0.646] send DATA frame <length=16383, flags=0x00, stream_id=5>
[id=2] [  0.646] recv WINDOW_UPDATE frame <length=4, flags=0x00, stream_id=0>
          (window_size_increment=81919)
[id=2] [  0.648] recv WINDOW_UPDATE frame <length=4, flags=0x00, stream_id=5>
          (window_size_increment=81919)
[id=2] [  0.648] send DATA frame <length=16384, flags=0x00, stream_id=5>
[id=2] [  0.648] send DATA frame <length=16384, flags=0x00, stream_id=5>
[id=2] [  0.648] send DATA frame <length=16384, flags=0x00, stream_id=5>
[id=2] [  0.648] send DATA frame <length=16384, flags=0x00, stream_id=5>
[id=2] [  0.648] send DATA frame <length=16383, flags=0x00, stream_id=5>
[id=2] [  0.648] recv WINDOW_UPDATE frame <length=4, flags=0x00, stream_id=0>
          (window_size_increment=81919)
[id=2] [  0.650] recv WINDOW_UPDATE frame <length=4, flags=0x00, stream_id=5>
          (window_size_increment=81919)
[id=2] [  0.650] send DATA frame <length=16384, flags=0x00, stream_id=5>
[id=2] [  0.650] send DATA frame <length=16384, flags=0x00, stream_id=5>
[id=2] [  0.650] send DATA frame <length=16384, flags=0x00, stream_id=5>
[id=2] [  0.650] send DATA frame <length=16384, flags=0x00, stream_id=5>
[id=2] [  0.650] send DATA frame <length=16383, flags=0x00, stream_id=5>
[id=2] [  0.650] recv WINDOW_UPDATE frame <length=4, flags=0x00, stream_id=0>
          (window_size_increment=81919)
[id=2] [  0.652] recv WINDOW_UPDATE frame <length=4, flags=0x00, stream_id=5>
          (window_size_increment=81919)
[id=2] [  0.652] send DATA frame <length=16384, flags=0x00, stream_id=5>
[id=2] [  0.652] send DATA frame <length=16384, flags=0x00, stream_id=5>
[id=2] [  0.652] send DATA frame <length=16384, flags=0x00, stream_id=5>
[id=2] [  0.652] send DATA frame <length=16384, flags=0x00, stream_id=5>
[id=2] [  0.652] send DATA frame <length=16383, flags=0x00, stream_id=5>
[id=2] [  0.652] recv WINDOW_UPDATE frame <length=4, flags=0x00, stream_id=0>
          (window_size_increment=81919)
[id=2] [  0.654] recv WINDOW_UPDATE frame <length=4, flags=0x00, stream_id=5>
          (window_size_increment=81919)
[id=2] [  0.654] send DATA frame <length=16384, flags=0x00, stream_id=5>
[id=2] [  0.654] send DATA frame <length=16384, flags=0x00, stream_id=5>
[id=2] [  0.654] send DATA frame <length=16384, flags=0x00, stream_id=5>
[id=2] [  0.655] send DATA frame <length=16384, flags=0x00, stream_id=5>
[id=2] [  0.655] send DATA frame <length=16383, flags=0x00, stream_id=5>
[id=2] [  0.655] recv WINDOW_UPDATE frame <length=4, flags=0x00, stream_id=0>
          (window_size_increment=81919)
[id=2] [  0.657] recv WINDOW_UPDATE frame <length=4, flags=0x00, stream_id=5>
          (window_size_increment=81919)
[id=2] [  0.657] send DATA frame <length=16384, flags=0x00, stream_id=5>
[id=2] [  0.657] send DATA frame <length=16384, flags=0x00, stream_id=5>
[id=2] [  0.657] send DATA frame <length=16384, flags=0x00, stream_id=5>
[id=2] [  0.657] send DATA frame <length=16384, flags=0x00, stream_id=5>
[id=2] [  0.657] send DATA frame <length=16383, flags=0x00, stream_id=5>
[id=2] [  0.657] recv WINDOW_UPDATE frame <length=4, flags=0x00, stream_id=0>
          (window_size_increment=81919)
[id=2] [  0.660] recv WINDOW_UPDATE frame <length=4, flags=0x00, stream_id=5>
          (window_size_increment=81919)
[id=2] [  0.660] send DATA frame <length=16384, flags=0x00, stream_id=5>
[id=2] [  0.660] send DATA frame <length=16384, flags=0x00, stream_id=5>
[id=2] [  0.660] send DATA frame <length=16384, flags=0x00, stream_id=5>
[id=2] [  0.660] send DATA frame <length=16384, flags=0x00, stream_id=5>
[id=2] [  0.660] send DATA frame <length=16383, flags=0x00, stream_id=5>
[id=2] [  0.660] recv WINDOW_UPDATE frame <length=4, flags=0x00, stream_id=0>
          (window_size_increment=81919)
[id=2] [  0.662] recv WINDOW_UPDATE frame <length=4, flags=0x00, stream_id=5>
          (window_size_increment=81919)
[id=2] [  0.662] send DATA frame <length=16384, flags=0x00, stream_id=5>
[id=2] [  0.662] send DATA frame <length=16384, flags=0x00, stream_id=5>
[id=2] [  0.662] send DATA frame <length=16384, flags=0x00, stream_id=5>
[id=2] [  0.662] send DATA frame <length=16384, flags=0x00, stream_id=5>
[id=2] [  0.662] send DATA frame <length=16383, flags=0x00, stream_id=5>
[id=2] [  0.662] recv WINDOW_UPDATE frame <length=4, flags=0x00, stream_id=0>
          (window_size_increment=81919)
[id=2] [  0.665] recv WINDOW_UPDATE frame <length=4, flags=0x00, stream_id=5>
          (window_size_increment=81919)
[id=2] [  0.665] send DATA frame <length=16384, flags=0x00, stream_id=5>
[id=2] [  0.665] send DATA frame <length=16384, flags=0x00, stream_id=5>
[id=2] [  0.665] send DATA frame <length=16384, flags=0x00, stream_id=5>
[id=2] [  0.665] send DATA frame <length=16384, flags=0x00, stream_id=5>
[id=2] [  0.665] send DATA frame <length=16383, flags=0x00, stream_id=5>
[id=2] [  0.665] recv WINDOW_UPDATE frame <length=4, flags=0x00, stream_id=0>
          (window_size_increment=81919)
[id=2] [  0.667] recv WINDOW_UPDATE frame <length=4, flags=0x00, stream_id=5>
          (window_size_increment=81919)
[id=2] [  0.667] send DATA frame <length=16384, flags=0x00, stream_id=5>
[id=2] [  0.667] send DATA frame <length=16384, flags=0x00, stream_id=5>
[id=2] [  0.667] send DATA frame <length=16384, flags=0x00, stream_id=5>
[id=2] [  0.667] send DATA frame <length=16384, flags=0x00, stream_id=5>
[id=2] [  0.667] send DATA frame <length=16383, flags=0x00, stream_id=5>
[id=2] [  0.667] recv WINDOW_UPDATE frame <length=4, flags=0x00, stream_id=0>
          (window_size_increment=81919)
[id=2] [  0.670] recv WINDOW_UPDATE frame <length=4, flags=0x00, stream_id=5>
          (window_size_increment=81919)
[id=2] [  0.670] send DATA frame <length=16384, flags=0x00, stream_id=5>
[id=2] [  0.670] send DATA frame <length=16384, flags=0x00, stream_id=5>
[id=2] [  0.670] send DATA frame <length=16384, flags=0x00, stream_id=5>
[id=2] [  0.670] send DATA frame <length=16384, flags=0x00, stream_id=5>
[id=2] [  0.670] send DATA frame <length=16383, flags=0x00, stream_id=5>
[id=2] [  0.670] recv WINDOW_UPDATE frame <length=4, flags=0x00, stream_id=0>
          (window_size_increment=81919)
[id=2] [  0.672] recv WINDOW_UPDATE frame <length=4, flags=0x00, stream_id=5>
          (window_size_increment=81919)
[id=2] [  0.672] send DATA frame <length=16384, flags=0x00, stream_id=5>
[id=2] [  0.672] send DATA frame <length=16384, flags=0x00, stream_id=5>
[id=2] [  0.672] send DATA frame <length=16384, flags=0x00, stream_id=5>
[id=2] [  0.672] send DATA frame <length=16384, flags=0x00, stream_id=5>
[id=2] [  0.672] send DATA frame <length=16383, flags=0x00, stream_id=5>
[id=2] [  0.672] recv WINDOW_UPDATE frame <length=4, flags=0x00, stream_id=0>
          (window_size_increment=81919)
[id=2] [  0.674] recv WINDOW_UPDATE frame <length=4, flags=0x00, stream_id=5>
          (window_size_increment=81919)
[id=2] [  0.674] send DATA frame <length=16384, flags=0x00, stream_id=5>
[id=2] [  0.674] send DATA frame <length=16384, flags=0x00, stream_id=5>
[id=2] [  0.674] send DATA frame <length=16384, flags=0x00, stream_id=5>
[id=2] [  0.674] send DATA frame <length=16384, flags=0x00, stream_id=5>
[id=2] [  0.674] send DATA frame <length=16383, flags=0x00, stream_id=5>
[id=2] [  0.675] recv WINDOW_UPDATE frame <length=4, flags=0x00, stream_id=0>
          (window_size_increment=81919)
[id=2] [  0.677] recv WINDOW_UPDATE frame <length=4, flags=0x00, stream_id=5>
          (window_size_increment=81919)
[id=2] [  0.677] send DATA frame <length=16384, flags=0x00, stream_id=5>
[id=2] [  0.677] send DATA frame <length=16384, flags=0x00, stream_id=5>
[id=2] [  0.677] send DATA frame <length=16384, flags=0x00, stream_id=5>
[id=2] [  0.677] send DATA frame <length=16384, flags=0x00, stream_id=5>
[id=2] [  0.677] send DATA frame <length=16383, flags=0x00, stream_id=5>
[id=2] [  0.677] recv WINDOW_UPDATE frame <length=4, flags=0x00, stream_id=0>
          (window_size_increment=81919)
[id=2] [  0.679] recv WINDOW_UPDATE frame <length=4, flags=0x00, stream_id=5>
          (window_size_increment=81919)
[id=2] [  0.679] send DATA frame <length=16384, flags=0x00, stream_id=5>
[id=2] [  0.679] send DATA frame <length=16384, flags=0x00, stream_id=5>
[id=2] [  0.679] send DATA frame <length=16384, flags=0x00, stream_id=5>
[id=2] [  0.679] send DATA frame <length=16384, flags=0x00, stream_id=5>
[id=2] [  0.679] send DATA frame <length=16383, flags=0x00, stream_id=5>
[id=2] [  0.680] recv WINDOW_UPDATE frame <length=4, flags=0x00, stream_id=0>
          (window_size_increment=81919)
[id=2] [  0.682] recv WINDOW_UPDATE frame <length=4, flags=0x00, stream_id=5>
          (window_size_increment=81919)
[id=2] [  0.682] send DATA frame <length=16384, flags=0x00, stream_id=5>
[id=2] [  0.682] send DATA frame <length=16384, flags=0x00, stream_id=5>
[id=2] [  0.682] send DATA frame <length=16384, flags=0x00, stream_id=5>
[id=2] [  0.682] send DATA frame <length=16384, flags=0x00, stream_id=5>
[id=2] [  0.682] send DATA frame <length=16383, flags=0x00, stream_id=5>
[id=2] [  0.682] recv WINDOW_UPDATE frame <length=4, flags=0x00, stream_id=0>
          (window_size_increment=81919)
[id=2] [  0.684] recv WINDOW_UPDATE frame <length=4, flags=0x00, stream_id=5>
          (window_size_increment=81919)
[id=2] [  0.684] send DATA frame <length=16384, flags=0x00, stream_id=5>
[id=2] [  0.684] send DATA frame <length=16384, flags=0x00, stream_id=5>
[id=2] [  0.684] send DATA frame <length=16384, flags=0x00, stream_id=5>
[id=2] [  0.684] send DATA frame <length=16384, flags=0x00, stream_id=5>
[id=2] [  0.684] send DATA frame <length=16383, flags=0x00, stream_id=5>
[id=2] [  0.684] recv WINDOW_UPDATE frame <length=4, flags=0x00, stream_id=0>
          (window_size_increment=81919)
[id=2] [  0.687] recv WINDOW_UPDATE frame <length=4, flags=0x00, stream_id=5>
          (window_size_increment=81919)
[id=2] [  0.687] send DATA frame <length=16384, flags=0x00, stream_id=5>
[id=2] [  0.687] send DATA frame <length=16384, flags=0x00, stream_id=5>
[id=2] [  0.687] send DATA frame <length=16384, flags=0x00, stream_id=5>
[id=2] [  0.687] send DATA frame <length=16384, flags=0x00, stream_id=5>
[id=2] [  0.687] send DATA frame <length=16383, flags=0x00, stream_id=5>
[id=2] [  0.687] recv WINDOW_UPDATE frame <length=4, flags=0x00, stream_id=0>
          (window_size_increment=81919)
[id=2] [  0.689] recv WINDOW_UPDATE frame <length=4, flags=0x00, stream_id=5>
          (window_size_increment=81919)
[id=2] [  0.689] send DATA frame <length=16384, flags=0x00, stream_id=5>
[id=2] [  0.689] send DATA frame <length=16384, flags=0x00, stream_id=5>
[id=2] [  0.689] send DATA frame <length=16384, flags=0x00, stream_id=5>
[id=2] [  0.689] send DATA frame <length=16384, flags=0x00, stream_id=5>
[id=2] [  0.689] send DATA frame <length=16383, flags=0x00, stream_id=5>
[id=2] [  0.690] recv WINDOW_UPDATE frame <length=4, flags=0x00, stream_id=0>
          (window_size_increment=81919)
[id=2] [  0.692] recv WINDOW_UPDATE frame <length=4, flags=0x00, stream_id=5>
          (window_size_increment=81919)
[id=2] [  0.692] send DATA frame <length=16384, flags=0x00, stream_id=5>
[id=2] [  0.692] send DATA frame <length=16384, flags=0x00, stream_id=5>
[id=2] [  0.692] send DATA frame <length=16384, flags=0x00, stream_id=5>
[id=2] [  0.692] send DATA frame <length=16384, flags=0x00, stream_id=5>
[id=2] [  0.692] send DATA frame <length=16383, flags=0x00, stream_id=5>
[id=2] [  0.692] recv WINDOW_UPDATE frame <length=4, flags=0x00, stream_id=0>
          (window_size_increment=81919)
[id=2] [  0.694] recv WINDOW_UPDATE frame <length=4, flags=0x00, stream_id=5>
          (window_size_increment=81919)
[id=2] [  0.694] send DATA frame <length=16384, flags=0x00, stream_id=5>
[id=2] [  0.694] send DATA frame <length=16384, flags=0x00, stream_id=5>
[id=2] [  0.694] send DATA frame <length=16384, flags=0x00, stream_id=5>
[id=2] [  0.694] send DATA frame <length=16384, flags=0x00, stream_id=5>
[id=2] [  0.694] send DATA frame <length=16383, flags=0x00, stream_id=5>
[id=2] [  0.694] recv WINDOW_UPDATE frame <length=4, flags=0x00, stream_id=0>
          (window_size_increment=81919)
[id=2] [  0.697] recv WINDOW_UPDATE frame <length=4, flags=0x00, stream_id=5>
          (window_size_increment=81919)
[id=2] [  0.697] send DATA frame <length=16384, flags=0x00, stream_id=5>
[id=2] [  0.697] send DATA frame <length=16384, flags=0x00, stream_id=5>
[id=2] [  0.697] send DATA frame <length=16384, flags=0x00, stream_id=5>
[id=2] [  0.697] send DATA frame <length=16384, flags=0x00, stream_id=5>
[id=2] [  0.697] send DATA frame <length=8239, flags=0x01, stream_id=5>
          ; END_STREAM
[id=2] [  0.697] stream_id=5 closed
[id=2] [  0.697] recv WINDOW_UPDATE frame <length=4, flags=0x00, stream_id=0>
          (window_size_increment=81919)
[id=2] [  0.700] recv (stream_id=7) :method: POST
[id=2] [  0.700] recv (stream_id=7) :authority: 127.0.0.1:64194
[id=2] [  0.700] recv (stream_id=7) :path: /long.sse
[id=2] [  0.700] recv (stream_id=7) :scheme: https
[id=2] [  0.700] recv (stream_id=7, sensitive) x-fixture: fourth
[id=2] [  0.700] recv (stream_id=7) content-type: application/json
[id=2] [  0.700] recv (stream_id=7) accept: text/event-stream
[id=2] [  0.700] recv (stream_id=7) accept-encoding: identity
[id=2] [  0.700] recv (stream_id=7, sensitive) content-length: 82
[id=2] [  0.700] recv HEADERS frame <length=27, flags=0x04, stream_id=7>
          ; END_HEADERS
          (padlen=0)
          ; Open new stream
[id=2] [  0.700] recv DATA frame <length=82, flags=0x01, stream_id=7>
          ; END_STREAM
[id=2] [  0.700] send HEADERS frame <length=14, flags=0x04, stream_id=7>
          ; END_HEADERS
          (padlen=0)
          ; First response header
          :status: 200
          server: nghttpd nghttp2/1.70.0
          cache-control: max-age=3600
          date: Fri, 02 Oct 2026 00:48:12 GMT
          content-length: 2138134
          last-modified: Fri, 02 Oct 2026 00:48:11 GMT
          content-type: text/event-stream
[id=2] [  0.700] send DATA frame <length=16384, flags=0x00, stream_id=7>
[id=2] [  0.701] recv WINDOW_UPDATE frame <length=4, flags=0x00, stream_id=7>
          (window_size_increment=81919)
[id=2] [  0.701] send DATA frame <length=16384, flags=0x00, stream_id=7>
[id=2] [  0.701] send DATA frame <length=16384, flags=0x00, stream_id=7>
[id=2] [  0.701] send DATA frame <length=16384, flags=0x00, stream_id=7>
[id=2] [  0.701] send DATA frame <length=16384, flags=0x00, stream_id=7>
[id=2] [  0.701] send DATA frame <length=8143, flags=0x00, stream_id=7>
[id=2] [  0.701] recv WINDOW_UPDATE frame <length=4, flags=0x00, stream_id=0>
          (window_size_increment=73775)
[id=2] [  0.701] send DATA frame <length=8240, flags=0x00, stream_id=7>
[id=2] [  0.702] recv WINDOW_UPDATE frame <length=4, flags=0x00, stream_id=7>
          (window_size_increment=81919)
[id=2] [  0.702] send DATA frame <length=16384, flags=0x00, stream_id=7>
[id=2] [  0.702] send DATA frame <length=16384, flags=0x00, stream_id=7>
[id=2] [  0.702] send DATA frame <length=16384, flags=0x00, stream_id=7>
[id=2] [  0.702] send DATA frame <length=16383, flags=0x00, stream_id=7>
[id=2] [  0.703] recv (stream_id=9) :method: POST
[id=2] [  0.703] recv (stream_id=9) :authority: 127.0.0.1:64194
[id=2] [  0.703] recv (stream_id=9) :path: /small.sse
[id=2] [  0.703] recv (stream_id=9) :scheme: https
[id=2] [  0.703] recv (stream_id=9, sensitive) x-fixture: fourth
[id=2] [  0.703] recv (stream_id=9) content-type: application/json
[id=2] [  0.703] recv (stream_id=9) accept: text/event-stream
[id=2] [  0.703] recv (stream_id=9) accept-encoding: identity
[id=2] [  0.703] recv (stream_id=9, sensitive) content-length: 82
[id=2] [  0.703] recv HEADERS frame <length=27, flags=0x04, stream_id=9>
          ; END_HEADERS
          (padlen=0)
          ; Open new stream
[id=2] [  0.703] recv DATA frame <length=82, flags=0x01, stream_id=9>
          ; END_STREAM
[id=2] [  0.703] send HEADERS frame <length=11, flags=0x04, stream_id=9>
          ; END_HEADERS
          (padlen=0)
          ; First response header
          :status: 200
          server: nghttpd nghttp2/1.70.0
          cache-control: max-age=3600
          date: Fri, 02 Oct 2026 00:48:12 GMT
          content-length: 47
          last-modified: Fri, 02 Oct 2026 00:48:11 GMT
          content-type: text/event-stream
[id=2] [  0.703] recv WINDOW_UPDATE frame <length=4, flags=0x00, stream_id=0>
          (window_size_increment=81919)
[id=2] [  0.703] send DATA frame <length=16384, flags=0x00, stream_id=7>
[id=2] [  0.703] send DATA frame <length=47, flags=0x01, stream_id=9>
          ; END_STREAM
[id=2] [  0.703] stream_id=9 closed
[id=2] [  0.703] recv WINDOW_UPDATE frame <length=4, flags=0x00, stream_id=0>
          (window_size_increment=65582)
[id=2] [  0.704] recv WINDOW_UPDATE frame <length=4, flags=0x00, stream_id=7>
          (window_size_increment=81919)
[id=2] [  0.704] send DATA frame <length=16384, flags=0x00, stream_id=7>
[id=2] [  0.704] send DATA frame <length=16384, flags=0x00, stream_id=7>
[id=2] [  0.704] send DATA frame <length=16384, flags=0x00, stream_id=7>
[id=2] [  0.704] send DATA frame <length=16384, flags=0x00, stream_id=7>
[id=2] [  0.704] send DATA frame <length=16383, flags=0x00, stream_id=7>
[id=2] [  0.705] recv WINDOW_UPDATE frame <length=4, flags=0x00, stream_id=0>
          (window_size_increment=65536)
[id=2] [  0.707] recv (stream_id=11) :method: POST
[id=2] [  0.707] recv (stream_id=11) :authority: 127.0.0.1:64194
[id=2] [  0.707] recv (stream_id=11) :path: /small.sse
[id=2] [  0.707] recv (stream_id=11) :scheme: https
[id=2] [  0.707] recv (stream_id=11, sensitive) x-fixture: fourth
[id=2] [  0.707] recv (stream_id=11) content-type: application/json
[id=2] [  0.707] recv (stream_id=11) accept: text/event-stream
[id=2] [  0.707] recv (stream_id=11) accept-encoding: identity
[id=2] [  0.707] recv (stream_id=11, sensitive) content-length: 82
[id=2] [  0.707] recv HEADERS frame <length=27, flags=0x04, stream_id=11>
          ; END_HEADERS
          (padlen=0)
          ; Open new stream
[id=2] [  0.707] recv DATA frame <length=82, flags=0x01, stream_id=11>
          ; END_STREAM
[id=2] [  0.707] send HEADERS frame <length=11, flags=0x04, stream_id=11>
          ; END_HEADERS
          (padlen=0)
          ; First response header
          :status: 200
          server: nghttpd nghttp2/1.70.0
          cache-control: max-age=3600
          date: Fri, 02 Oct 2026 00:48:12 GMT
          content-length: 47
          last-modified: Fri, 02 Oct 2026 00:48:11 GMT
          content-type: text/event-stream
[id=2] [  0.707] send DATA frame <length=47, flags=0x01, stream_id=11>
          ; END_STREAM
[id=2] [  0.707] stream_id=11 closed
[id=2] [  0.707] recv (stream_id=13) :method: POST
[id=2] [  0.707] recv (stream_id=13) :authority: 127.0.0.1:64194
[id=2] [  0.707] recv (stream_id=13) :path: /small.sse
[id=2] [  0.707] recv (stream_id=13) :scheme: https
[id=2] [  0.707] recv (stream_id=13, sensitive) x-fixture: fourth
[id=2] [  0.707] recv (stream_id=13) content-type: application/json
[id=2] [  0.707] recv (stream_id=13) accept: text/event-stream
[id=2] [  0.707] recv (stream_id=13) accept-encoding: identity
[id=2] [  0.707] recv (stream_id=13, sensitive) content-length: 82
[id=2] [  0.707] recv HEADERS frame <length=27, flags=0x04, stream_id=13>
          ; END_HEADERS
          (padlen=0)
          ; Open new stream
[id=2] [  0.707] recv DATA frame <length=82, flags=0x01, stream_id=13>
          ; END_STREAM
[id=2] [  0.707] send HEADERS frame <length=11, flags=0x04, stream_id=13>
          ; END_HEADERS
          (padlen=0)
          ; First response header
          :status: 200
          server: nghttpd nghttp2/1.70.0
          cache-control: max-age=3600
          date: Fri, 02 Oct 2026 00:48:12 GMT
          content-length: 47
          last-modified: Fri, 02 Oct 2026 00:48:11 GMT
          content-type: text/event-stream
[id=2] [  0.707] send DATA frame <length=47, flags=0x01, stream_id=13>
          ; END_STREAM
[id=2] [  0.707] stream_id=13 closed
[id=2] [  0.707] recv (stream_id=15) :method: POST
[id=2] [  0.707] recv (stream_id=15) :authority: 127.0.0.1:64194
[id=2] [  0.707] recv (stream_id=15) :path: /small.sse
[id=2] [  0.707] recv (stream_id=15) :scheme: https
[id=2] [  0.707] recv (stream_id=15, sensitive) x-fixture: fourth
[id=2] [  0.707] recv (stream_id=15) content-type: application/json
[id=2] [  0.707] recv (stream_id=15) accept: text/event-stream
[id=2] [  0.707] recv (stream_id=15) accept-encoding: identity
[id=2] [  0.707] recv (stream_id=15, sensitive) content-length: 82
[id=2] [  0.707] recv HEADERS frame <length=27, flags=0x04, stream_id=15>
          ; END_HEADERS
          (padlen=0)
          ; Open new stream
[id=2] [  0.707] recv DATA frame <length=82, flags=0x01, stream_id=15>
          ; END_STREAM
[id=2] [  0.707] send HEADERS frame <length=11, flags=0x04, stream_id=15>
          ; END_HEADERS
          (padlen=0)
          ; First response header
          :status: 200
          server: nghttpd nghttp2/1.70.0
          cache-control: max-age=3600
          date: Fri, 02 Oct 2026 00:48:12 GMT
          content-length: 47
          last-modified: Fri, 02 Oct 2026 00:48:11 GMT
          content-type: text/event-stream
[id=2] [  0.707] send DATA frame <length=47, flags=0x01, stream_id=15>
          ; END_STREAM
[id=2] [  0.707] stream_id=15 closed
[id=2] [  0.707] recv (stream_id=17) :method: POST
[id=2] [  0.707] recv (stream_id=17) :authority: 127.0.0.1:64194
[id=2] [  0.707] recv (stream_id=17) :path: /small.sse
[id=2] [  0.707] recv (stream_id=17) :scheme: https
[id=2] [  0.707] recv (stream_id=17, sensitive) x-fixture: fourth
[id=2] [  0.707] recv (stream_id=17) content-type: application/json
[id=2] [  0.707] recv (stream_id=17) accept: text/event-stream
[id=2] [  0.707] recv (stream_id=17) accept-encoding: identity
[id=2] [  0.707] recv (stream_id=17, sensitive) content-length: 82
[id=2] [  0.707] recv HEADERS frame <length=27, flags=0x04, stream_id=17>
          ; END_HEADERS
          (padlen=0)
          ; Open new stream
[id=2] [  0.707] recv DATA frame <length=82, flags=0x01, stream_id=17>
          ; END_STREAM
[id=2] [  0.707] send HEADERS frame <length=11, flags=0x04, stream_id=17>
          ; END_HEADERS
          (padlen=0)
          ; First response header
          :status: 200
          server: nghttpd nghttp2/1.70.0
          cache-control: max-age=3600
          date: Fri, 02 Oct 2026 00:48:12 GMT
          content-length: 47
          last-modified: Fri, 02 Oct 2026 00:48:11 GMT
          content-type: text/event-stream
[id=2] [  0.707] send DATA frame <length=47, flags=0x01, stream_id=17>
          ; END_STREAM
[id=2] [  0.707] stream_id=17 closed
[id=2] [  0.707] recv (stream_id=19) :method: POST
[id=2] [  0.707] recv (stream_id=19) :authority: 127.0.0.1:64194
[id=2] [  0.707] recv (stream_id=19) :path: /small.sse
[id=2] [  0.707] recv (stream_id=19) :scheme: https
[id=2] [  0.707] recv (stream_id=19, sensitive) x-fixture: fourth
[id=2] [  0.707] recv (stream_id=19) content-type: application/json
[id=2] [  0.707] recv (stream_id=19) accept: text/event-stream
[id=2] [  0.707] recv (stream_id=19) accept-encoding: identity
[id=2] [  0.707] recv (stream_id=19, sensitive) content-length: 82
[id=2] [  0.707] recv HEADERS frame <length=27, flags=0x04, stream_id=19>
          ; END_HEADERS
          (padlen=0)
          ; Open new stream
[id=2] [  0.707] recv DATA frame <length=82, flags=0x01, stream_id=19>
          ; END_STREAM
[id=2] [  0.707] send HEADERS frame <length=11, flags=0x04, stream_id=19>
          ; END_HEADERS
          (padlen=0)
          ; First response header
          :status: 200
          server: nghttpd nghttp2/1.70.0
          cache-control: max-age=3600
          date: Fri, 02 Oct 2026 00:48:12 GMT
          content-length: 47
          last-modified: Fri, 02 Oct 2026 00:48:11 GMT
          content-type: text/event-stream
[id=2] [  0.707] send DATA frame <length=47, flags=0x01, stream_id=19>
          ; END_STREAM
[id=2] [  0.707] stream_id=19 closed
[id=2] [  0.707] recv (stream_id=21) :method: POST
[id=2] [  0.707] recv (stream_id=21) :authority: 127.0.0.1:64194
[id=2] [  0.707] recv (stream_id=21) :path: /small.sse
[id=2] [  0.707] recv (stream_id=21) :scheme: https
[id=2] [  0.707] recv (stream_id=21, sensitive) x-fixture: fourth
[id=2] [  0.707] recv (stream_id=21) content-type: application/json
[id=2] [  0.707] recv (stream_id=21) accept: text/event-stream
[id=2] [  0.707] recv (stream_id=21) accept-encoding: identity
[id=2] [  0.707] recv (stream_id=21, sensitive) content-length: 82
[id=2] [  0.707] recv HEADERS frame <length=27, flags=0x04, stream_id=21>
          ; END_HEADERS
          (padlen=0)
          ; Open new stream
[id=2] [  0.707] recv DATA frame <length=82, flags=0x01, stream_id=21>
          ; END_STREAM
[id=2] [  0.707] send HEADERS frame <length=11, flags=0x04, stream_id=21>
          ; END_HEADERS
          (padlen=0)
          ; First response header
          :status: 200
          server: nghttpd nghttp2/1.70.0
          cache-control: max-age=3600
          date: Fri, 02 Oct 2026 00:48:12 GMT
          content-length: 47
          last-modified: Fri, 02 Oct 2026 00:48:11 GMT
          content-type: text/event-stream
[id=2] [  0.707] send DATA frame <length=47, flags=0x01, stream_id=21>
          ; END_STREAM
[id=2] [  0.707] stream_id=21 closed
[id=2] [  0.707] recv (stream_id=23) :method: POST
[id=2] [  0.707] recv (stream_id=23) :authority: 127.0.0.1:64194
[id=2] [  0.707] recv (stream_id=23) :path: /small.sse
[id=2] [  0.707] recv (stream_id=23) :scheme: https
[id=2] [  0.707] recv (stream_id=23, sensitive) x-fixture: fourth
[id=2] [  0.707] recv (stream_id=23) content-type: application/json
[id=2] [  0.707] recv (stream_id=23) accept: text/event-stream
[id=2] [  0.707] recv (stream_id=23) accept-encoding: identity
[id=2] [  0.707] recv (stream_id=23, sensitive) content-length: 82
[id=2] [  0.708] recv HEADERS frame <length=27, flags=0x04, stream_id=23>
          ; END_HEADERS
          (padlen=0)
          ; Open new stream
[id=2] [  0.708] recv DATA frame <length=82, flags=0x01, stream_id=23>
          ; END_STREAM
[id=2] [  0.708] send HEADERS frame <length=11, flags=0x04, stream_id=23>
          ; END_HEADERS
          (padlen=0)
          ; First response header
          :status: 200
          server: nghttpd nghttp2/1.70.0
          cache-control: max-age=3600
          date: Fri, 02 Oct 2026 00:48:12 GMT
          content-length: 47
          last-modified: Fri, 02 Oct 2026 00:48:11 GMT
          content-type: text/event-stream
[id=2] [  0.708] send DATA frame <length=47, flags=0x01, stream_id=23>
          ; END_STREAM
[id=2] [  0.708] stream_id=23 closed
[id=2] [  0.708] recv (stream_id=25) :method: POST
[id=2] [  0.708] recv (stream_id=25) :authority: 127.0.0.1:64194
[id=2] [  0.708] recv (stream_id=25) :path: /small.sse
[id=2] [  0.708] recv (stream_id=25) :scheme: https
[id=2] [  0.708] recv (stream_id=25, sensitive) x-fixture: fourth
[id=2] [  0.708] recv (stream_id=25) content-type: application/json
[id=2] [  0.708] recv (stream_id=25) accept: text/event-stream
[id=2] [  0.708] recv (stream_id=25) accept-encoding: identity
[id=2] [  0.708] recv (stream_id=25, sensitive) content-length: 82
[id=2] [  0.708] recv HEADERS frame <length=27, flags=0x04, stream_id=25>
          ; END_HEADERS
          (padlen=0)
          ; Open new stream
[id=2] [  0.708] recv DATA frame <length=82, flags=0x01, stream_id=25>
          ; END_STREAM
[id=2] [  0.708] send HEADERS frame <length=11, flags=0x04, stream_id=25>
          ; END_HEADERS
          (padlen=0)
          ; First response header
          :status: 200
          server: nghttpd nghttp2/1.70.0
          cache-control: max-age=3600
          date: Fri, 02 Oct 2026 00:48:12 GMT
          content-length: 47
          last-modified: Fri, 02 Oct 2026 00:48:11 GMT
          content-type: text/event-stream
[id=2] [  0.708] send DATA frame <length=47, flags=0x01, stream_id=25>
          ; END_STREAM
[id=2] [  0.708] stream_id=25 closed
[id=2] [  0.708] recv (stream_id=27) :method: POST
[id=2] [  0.708] recv (stream_id=27) :authority: 127.0.0.1:64194
[id=2] [  0.708] recv (stream_id=27) :path: /small.sse
[id=2] [  0.708] recv (stream_id=27) :scheme: https
[id=2] [  0.708] recv (stream_id=27, sensitive) x-fixture: fourth
[id=2] [  0.708] recv (stream_id=27) content-type: application/json
[id=2] [  0.708] recv (stream_id=27) accept: text/event-stream
[id=2] [  0.708] recv (stream_id=27) accept-encoding: identity
[id=2] [  0.708] recv (stream_id=27, sensitive) content-length: 82
[id=2] [  0.708] recv HEADERS frame <length=27, flags=0x04, stream_id=27>
          ; END_HEADERS
          (padlen=0)
          ; Open new stream
[id=2] [  0.708] recv DATA frame <length=82, flags=0x01, stream_id=27>
          ; END_STREAM
[id=2] [  0.708] send HEADERS frame <length=11, flags=0x04, stream_id=27>
          ; END_HEADERS
          (padlen=0)
          ; First response header
          :status: 200
          server: nghttpd nghttp2/1.70.0
          cache-control: max-age=3600
          date: Fri, 02 Oct 2026 00:48:12 GMT
          content-length: 47
          last-modified: Fri, 02 Oct 2026 00:48:11 GMT
          content-type: text/event-stream
[id=2] [  0.708] send DATA frame <length=47, flags=0x01, stream_id=27>
          ; END_STREAM
[id=2] [  0.708] stream_id=27 closed
[id=2] [  0.708] recv (stream_id=29) :method: POST
[id=2] [  0.708] recv (stream_id=29) :authority: 127.0.0.1:64194
[id=2] [  0.708] recv (stream_id=29) :path: /small.sse
[id=2] [  0.708] recv (stream_id=29) :scheme: https
[id=2] [  0.708] recv (stream_id=29, sensitive) x-fixture: fourth
[id=2] [  0.708] recv (stream_id=29) content-type: application/json
[id=2] [  0.708] recv (stream_id=29) accept: text/event-stream
[id=2] [  0.708] recv (stream_id=29) accept-encoding: identity
[id=2] [  0.708] recv (stream_id=29, sensitive) content-length: 82
[id=2] [  0.708] recv HEADERS frame <length=27, flags=0x04, stream_id=29>
          ; END_HEADERS
          (padlen=0)
          ; Open new stream
[id=2] [  0.708] recv DATA frame <length=82, flags=0x01, stream_id=29>
          ; END_STREAM
[id=2] [  0.708] send HEADERS frame <length=11, flags=0x04, stream_id=29>
          ; END_HEADERS
          (padlen=0)
          ; First response header
          :status: 200
          server: nghttpd nghttp2/1.70.0
          cache-control: max-age=3600
          date: Fri, 02 Oct 2026 00:48:12 GMT
          content-length: 47
          last-modified: Fri, 02 Oct 2026 00:48:11 GMT
          content-type: text/event-stream
[id=2] [  0.708] send DATA frame <length=47, flags=0x01, stream_id=29>
          ; END_STREAM
[id=2] [  0.708] stream_id=29 closed
[id=2] [  0.712] recv (stream_id=31) :method: POST
[id=2] [  0.712] recv (stream_id=31) :authority: 127.0.0.1:64194
[id=2] [  0.712] recv (stream_id=31) :path: /small.sse
[id=2] [  0.712] recv (stream_id=31) :scheme: https
[id=2] [  0.712] recv (stream_id=31, sensitive) x-fixture: fourth
[id=2] [  0.712] recv (stream_id=31) content-type: application/json
[id=2] [  0.712] recv (stream_id=31) accept: text/event-stream
[id=2] [  0.712] recv (stream_id=31) accept-encoding: identity
[id=2] [  0.712] recv (stream_id=31, sensitive) content-length: 82
[id=2] [  0.712] recv HEADERS frame <length=27, flags=0x04, stream_id=31>
          ; END_HEADERS
          (padlen=0)
          ; Open new stream
[id=2] [  0.712] recv DATA frame <length=82, flags=0x01, stream_id=31>
          ; END_STREAM
[id=2] [  0.712] send HEADERS frame <length=11, flags=0x04, stream_id=31>
          ; END_HEADERS
          (padlen=0)
          ; First response header
          :status: 200
          server: nghttpd nghttp2/1.70.0
          cache-control: max-age=3600
          date: Fri, 02 Oct 2026 00:48:12 GMT
          content-length: 47
          last-modified: Fri, 02 Oct 2026 00:48:11 GMT
          content-type: text/event-stream
[id=2] [  0.712] send DATA frame <length=47, flags=0x01, stream_id=31>
          ; END_STREAM
[id=2] [  0.712] stream_id=31 closed
[id=2] [  0.712] recv (stream_id=33) :method: POST
[id=2] [  0.712] recv (stream_id=33) :authority: 127.0.0.1:64194
[id=2] [  0.712] recv (stream_id=33) :path: /small.sse
[id=2] [  0.712] recv (stream_id=33) :scheme: https
[id=2] [  0.712] recv (stream_id=33, sensitive) x-fixture: fourth
[id=2] [  0.712] recv (stream_id=33) content-type: application/json
[id=2] [  0.712] recv (stream_id=33) accept: text/event-stream
[id=2] [  0.712] recv (stream_id=33) accept-encoding: identity
[id=2] [  0.712] recv (stream_id=33, sensitive) content-length: 82
[id=2] [  0.712] recv HEADERS frame <length=27, flags=0x04, stream_id=33>
          ; END_HEADERS
          (padlen=0)
          ; Open new stream
[id=2] [  0.712] recv DATA frame <length=82, flags=0x01, stream_id=33>
          ; END_STREAM
[id=2] [  0.713] send HEADERS frame <length=11, flags=0x04, stream_id=33>
          ; END_HEADERS
          (padlen=0)
          ; First response header
          :status: 200
          server: nghttpd nghttp2/1.70.0
          cache-control: max-age=3600
          date: Fri, 02 Oct 2026 00:48:12 GMT
          content-length: 47
          last-modified: Fri, 02 Oct 2026 00:48:11 GMT
          content-type: text/event-stream
[id=2] [  0.713] send DATA frame <length=47, flags=0x01, stream_id=33>
          ; END_STREAM
[id=2] [  0.713] stream_id=33 closed
[id=2] [  0.713] recv (stream_id=35) :method: POST
[id=2] [  0.713] recv (stream_id=35) :authority: 127.0.0.1:64194
[id=2] [  0.713] recv (stream_id=35) :path: /small.sse
[id=2] [  0.713] recv (stream_id=35) :scheme: https
[id=2] [  0.713] recv (stream_id=35, sensitive) x-fixture: fourth
[id=2] [  0.713] recv (stream_id=35) content-type: application/json
[id=2] [  0.713] recv (stream_id=35) accept: text/event-stream
[id=2] [  0.713] recv (stream_id=35) accept-encoding: identity
[id=2] [  0.713] recv (stream_id=35, sensitive) content-length: 82
[id=2] [  0.713] recv HEADERS frame <length=27, flags=0x04, stream_id=35>
          ; END_HEADERS
          (padlen=0)
          ; Open new stream
[id=2] [  0.713] recv DATA frame <length=82, flags=0x01, stream_id=35>
          ; END_STREAM
[id=2] [  0.713] send HEADERS frame <length=11, flags=0x04, stream_id=35>
          ; END_HEADERS
          (padlen=0)
          ; First response header
          :status: 200
          server: nghttpd nghttp2/1.70.0
          cache-control: max-age=3600
          date: Fri, 02 Oct 2026 00:48:12 GMT
          content-length: 47
          last-modified: Fri, 02 Oct 2026 00:48:11 GMT
          content-type: text/event-stream
[id=2] [  0.713] send DATA frame <length=47, flags=0x01, stream_id=35>
          ; END_STREAM
[id=2] [  0.713] stream_id=35 closed
[id=2] [  0.713] recv (stream_id=37) :method: POST
[id=2] [  0.713] recv (stream_id=37) :authority: 127.0.0.1:64194
[id=2] [  0.713] recv (stream_id=37) :path: /small.sse
[id=2] [  0.713] recv (stream_id=37) :scheme: https
[id=2] [  0.713] recv (stream_id=37, sensitive) x-fixture: fourth
[id=2] [  0.713] recv (stream_id=37) content-type: application/json
[id=2] [  0.713] recv (stream_id=37) accept: text/event-stream
[id=2] [  0.713] recv (stream_id=37) accept-encoding: identity
[id=2] [  0.713] recv (stream_id=37, sensitive) content-length: 82
[id=2] [  0.713] recv HEADERS frame <length=27, flags=0x04, stream_id=37>
          ; END_HEADERS
          (padlen=0)
          ; Open new stream
[id=2] [  0.713] recv DATA frame <length=82, flags=0x01, stream_id=37>
          ; END_STREAM
[id=2] [  0.713] send HEADERS frame <length=11, flags=0x04, stream_id=37>
          ; END_HEADERS
          (padlen=0)
          ; First response header
          :status: 200
          server: nghttpd nghttp2/1.70.0
          cache-control: max-age=3600
          date: Fri, 02 Oct 2026 00:48:12 GMT
          content-length: 47
          last-modified: Fri, 02 Oct 2026 00:48:11 GMT
          content-type: text/event-stream
[id=2] [  0.713] send DATA frame <length=47, flags=0x01, stream_id=37>
          ; END_STREAM
[id=2] [  0.713] stream_id=37 closed
[id=2] [  0.713] recv (stream_id=39) :method: POST
[id=2] [  0.713] recv (stream_id=39) :authority: 127.0.0.1:64194
[id=2] [  0.713] recv (stream_id=39) :path: /small.sse
[id=2] [  0.713] recv (stream_id=39) :scheme: https
[id=2] [  0.713] recv (stream_id=39, sensitive) x-fixture: fourth
[id=2] [  0.713] recv (stream_id=39) content-type: application/json
[id=2] [  0.713] recv (stream_id=39) accept: text/event-stream
[id=2] [  0.713] recv (stream_id=39) accept-encoding: identity
[id=2] [  0.713] recv (stream_id=39, sensitive) content-length: 82
[id=2] [  0.713] recv HEADERS frame <length=27, flags=0x04, stream_id=39>
          ; END_HEADERS
          (padlen=0)
          ; Open new stream
[id=2] [  0.713] recv DATA frame <length=82, flags=0x01, stream_id=39>
          ; END_STREAM
[id=2] [  0.713] send HEADERS frame <length=11, flags=0x04, stream_id=39>
          ; END_HEADERS
          (padlen=0)
          ; First response header
          :status: 200
          server: nghttpd nghttp2/1.70.0
          cache-control: max-age=3600
          date: Fri, 02 Oct 2026 00:48:12 GMT
          content-length: 47
          last-modified: Fri, 02 Oct 2026 00:48:11 GMT
          content-type: text/event-stream
[id=2] [  0.713] send DATA frame <length=47, flags=0x01, stream_id=39>
          ; END_STREAM
[id=2] [  0.713] stream_id=39 closed
[id=2] [  0.713] recv (stream_id=41) :method: POST
[id=2] [  0.713] recv (stream_id=41) :authority: 127.0.0.1:64194
[id=2] [  0.713] recv (stream_id=41) :path: /small.sse
[id=2] [  0.713] recv (stream_id=41) :scheme: https
[id=2] [  0.713] recv (stream_id=41, sensitive) x-fixture: fourth
[id=2] [  0.713] recv (stream_id=41) content-type: application/json
[id=2] [  0.713] recv (stream_id=41) accept: text/event-stream
[id=2] [  0.713] recv (stream_id=41) accept-encoding: identity
[id=2] [  0.713] recv (stream_id=41, sensitive) content-length: 82
[id=2] [  0.713] recv HEADERS frame <length=27, flags=0x04, stream_id=41>
          ; END_HEADERS
          (padlen=0)
          ; Open new stream
[id=2] [  0.713] recv DATA frame <length=82, flags=0x01, stream_id=41>
          ; END_STREAM
[id=2] [  0.713] send HEADERS frame <length=11, flags=0x04, stream_id=41>
          ; END_HEADERS
          (padlen=0)
          ; First response header
          :status: 200
          server: nghttpd nghttp2/1.70.0
          cache-control: max-age=3600
          date: Fri, 02 Oct 2026 00:48:12 GMT
          content-length: 47
          last-modified: Fri, 02 Oct 2026 00:48:11 GMT
          content-type: text/event-stream
[id=2] [  0.713] send DATA frame <length=47, flags=0x01, stream_id=41>
          ; END_STREAM
[id=2] [  0.713] stream_id=41 closed
[id=2] [  0.713] recv (stream_id=43) :method: POST
[id=2] [  0.713] recv (stream_id=43) :authority: 127.0.0.1:64194
[id=2] [  0.713] recv (stream_id=43) :path: /small.sse
[id=2] [  0.713] recv (stream_id=43) :scheme: https
[id=2] [  0.713] recv (stream_id=43, sensitive) x-fixture: fourth
[id=2] [  0.713] recv (stream_id=43) content-type: application/json
[id=2] [  0.713] recv (stream_id=43) accept: text/event-stream
[id=2] [  0.713] recv (stream_id=43) accept-encoding: identity
[id=2] [  0.713] recv (stream_id=43, sensitive) content-length: 82
[id=2] [  0.713] recv HEADERS frame <length=27, flags=0x04, stream_id=43>
          ; END_HEADERS
          (padlen=0)
          ; Open new stream
[id=2] [  0.713] recv DATA frame <length=82, flags=0x01, stream_id=43>
          ; END_STREAM
[id=2] [  0.713] send HEADERS frame <length=11, flags=0x04, stream_id=43>
          ; END_HEADERS
          (padlen=0)
          ; First response header
          :status: 200
          server: nghttpd nghttp2/1.70.0
          cache-control: max-age=3600
          date: Fri, 02 Oct 2026 00:48:12 GMT
          content-length: 47
          last-modified: Fri, 02 Oct 2026 00:48:11 GMT
          content-type: text/event-stream
[id=2] [  0.713] send DATA frame <length=47, flags=0x01, stream_id=43>
          ; END_STREAM
[id=2] [  0.713] stream_id=43 closed
[id=2] [  0.714] recv (stream_id=45) :method: POST
[id=2] [  0.714] recv (stream_id=45) :authority: 127.0.0.1:64194
[id=2] [  0.714] recv (stream_id=45) :path: /small.sse
[id=2] [  0.714] recv (stream_id=45) :scheme: https
[id=2] [  0.714] recv (stream_id=45, sensitive) x-fixture: fourth
[id=2] [  0.714] recv (stream_id=45) content-type: application/json
[id=2] [  0.714] recv (stream_id=45) accept: text/event-stream
[id=2] [  0.714] recv (stream_id=45) accept-encoding: identity
[id=2] [  0.714] recv (stream_id=45, sensitive) content-length: 82
[id=2] [  0.714] recv HEADERS frame <length=27, flags=0x04, stream_id=45>
          ; END_HEADERS
          (padlen=0)
          ; Open new stream
[id=2] [  0.714] recv DATA frame <length=82, flags=0x01, stream_id=45>
          ; END_STREAM
[id=2] [  0.714] send HEADERS frame <length=11, flags=0x04, stream_id=45>
          ; END_HEADERS
          (padlen=0)
          ; First response header
          :status: 200
          server: nghttpd nghttp2/1.70.0
          cache-control: max-age=3600
          date: Fri, 02 Oct 2026 00:48:12 GMT
          content-length: 47
          last-modified: Fri, 02 Oct 2026 00:48:11 GMT
          content-type: text/event-stream
[id=2] [  0.714] send DATA frame <length=47, flags=0x01, stream_id=45>
          ; END_STREAM
[id=2] [  0.714] stream_id=45 closed
[id=2] [  0.714] recv (stream_id=47) :method: POST
[id=2] [  0.714] recv (stream_id=47) :authority: 127.0.0.1:64194
[id=2] [  0.714] recv (stream_id=47) :path: /small.sse
[id=2] [  0.714] recv (stream_id=47) :scheme: https
[id=2] [  0.714] recv (stream_id=47, sensitive) x-fixture: fourth
[id=2] [  0.714] recv (stream_id=47) content-type: application/json
[id=2] [  0.714] recv (stream_id=47) accept: text/event-stream
[id=2] [  0.714] recv (stream_id=47) accept-encoding: identity
[id=2] [  0.714] recv (stream_id=47, sensitive) content-length: 82
[id=2] [  0.714] recv HEADERS frame <length=27, flags=0x04, stream_id=47>
          ; END_HEADERS
          (padlen=0)
          ; Open new stream
[id=2] [  0.714] recv DATA frame <length=82, flags=0x01, stream_id=47>
          ; END_STREAM
[id=2] [  0.714] send HEADERS frame <length=11, flags=0x04, stream_id=47>
          ; END_HEADERS
          (padlen=0)
          ; First response header
          :status: 200
          server: nghttpd nghttp2/1.70.0
          cache-control: max-age=3600
          date: Fri, 02 Oct 2026 00:48:12 GMT
          content-length: 47
          last-modified: Fri, 02 Oct 2026 00:48:11 GMT
          content-type: text/event-stream
[id=2] [  0.714] send DATA frame <length=47, flags=0x01, stream_id=47>
          ; END_STREAM
[id=2] [  0.714] stream_id=47 closed
[id=2] [  0.714] recv (stream_id=49) :method: POST
[id=2] [  0.714] recv (stream_id=49) :authority: 127.0.0.1:64194
[id=2] [  0.714] recv (stream_id=49) :path: /small.sse
[id=2] [  0.714] recv (stream_id=49) :scheme: https
[id=2] [  0.714] recv (stream_id=49, sensitive) x-fixture: fourth
[id=2] [  0.714] recv (stream_id=49) content-type: application/json
[id=2] [  0.714] recv (stream_id=49) accept: text/event-stream
[id=2] [  0.714] recv (stream_id=49) accept-encoding: identity
[id=2] [  0.714] recv (stream_id=49, sensitive) content-length: 82
[id=2] [  0.714] recv HEADERS frame <length=27, flags=0x04, stream_id=49>
          ; END_HEADERS
          (padlen=0)
          ; Open new stream
[id=2] [  0.714] recv DATA frame <length=82, flags=0x01, stream_id=49>
          ; END_STREAM
[id=2] [  0.714] send HEADERS frame <length=11, flags=0x04, stream_id=49>
          ; END_HEADERS
          (padlen=0)
          ; First response header
          :status: 200
          server: nghttpd nghttp2/1.70.0
          cache-control: max-age=3600
          date: Fri, 02 Oct 2026 00:48:12 GMT
          content-length: 47
          last-modified: Fri, 02 Oct 2026 00:48:11 GMT
          content-type: text/event-stream
[id=2] [  0.714] send DATA frame <length=47, flags=0x01, stream_id=49>
          ; END_STREAM
[id=2] [  0.714] stream_id=49 closed
[id=2] [  0.714] recv (stream_id=51) :method: POST
[id=2] [  0.714] recv (stream_id=51) :authority: 127.0.0.1:64194
[id=2] [  0.714] recv (stream_id=51) :path: /small.sse
[id=2] [  0.714] recv (stream_id=51) :scheme: https
[id=2] [  0.714] recv (stream_id=51, sensitive) x-fixture: fourth
[id=2] [  0.714] recv (stream_id=51) content-type: application/json
[id=2] [  0.714] recv (stream_id=51) accept: text/event-stream
[id=2] [  0.714] recv (stream_id=51) accept-encoding: identity
[id=2] [  0.714] recv (stream_id=51, sensitive) content-length: 82
[id=2] [  0.714] recv HEADERS frame <length=27, flags=0x04, stream_id=51>
          ; END_HEADERS
          (padlen=0)
          ; Open new stream
[id=2] [  0.714] recv DATA frame <length=82, flags=0x01, stream_id=51>
          ; END_STREAM
[id=2] [  0.715] send HEADERS frame <length=11, flags=0x04, stream_id=51>
          ; END_HEADERS
          (padlen=0)
          ; First response header
          :status: 200
          server: nghttpd nghttp2/1.70.0
          cache-control: max-age=3600
          date: Fri, 02 Oct 2026 00:48:12 GMT
          content-length: 47
          last-modified: Fri, 02 Oct 2026 00:48:11 GMT
          content-type: text/event-stream
[id=2] [  0.715] send DATA frame <length=47, flags=0x01, stream_id=51>
          ; END_STREAM
[id=2] [  0.715] stream_id=51 closed
[id=2] [  0.715] recv (stream_id=53) :method: POST
[id=2] [  0.715] recv (stream_id=53) :authority: 127.0.0.1:64194
[id=2] [  0.715] recv (stream_id=53) :path: /small.sse
[id=2] [  0.715] recv (stream_id=53) :scheme: https
[id=2] [  0.715] recv (stream_id=53, sensitive) x-fixture: fourth
[id=2] [  0.715] recv (stream_id=53) content-type: application/json
[id=2] [  0.715] recv (stream_id=53) accept: text/event-stream
[id=2] [  0.715] recv (stream_id=53) accept-encoding: identity
[id=2] [  0.715] recv (stream_id=53, sensitive) content-length: 82
[id=2] [  0.715] recv HEADERS frame <length=27, flags=0x04, stream_id=53>
          ; END_HEADERS
          (padlen=0)
          ; Open new stream
[id=2] [  0.715] recv DATA frame <length=82, flags=0x01, stream_id=53>
          ; END_STREAM
[id=2] [  0.715] send HEADERS frame <length=11, flags=0x04, stream_id=53>
          ; END_HEADERS
          (padlen=0)
          ; First response header
          :status: 200
          server: nghttpd nghttp2/1.70.0
          cache-control: max-age=3600
          date: Fri, 02 Oct 2026 00:48:12 GMT
          content-length: 47
          last-modified: Fri, 02 Oct 2026 00:48:11 GMT
          content-type: text/event-stream
[id=2] [  0.715] send DATA frame <length=47, flags=0x01, stream_id=53>
          ; END_STREAM
[id=2] [  0.715] stream_id=53 closed
[id=2] [  0.715] recv (stream_id=55) :method: POST
[id=2] [  0.715] recv (stream_id=55) :authority: 127.0.0.1:64194
[id=2] [  0.715] recv (stream_id=55) :path: /small.sse
[id=2] [  0.715] recv (stream_id=55) :scheme: https
[id=2] [  0.715] recv (stream_id=55, sensitive) x-fixture: fourth
[id=2] [  0.715] recv (stream_id=55) content-type: application/json
[id=2] [  0.715] recv (stream_id=55) accept: text/event-stream
[id=2] [  0.715] recv (stream_id=55) accept-encoding: identity
[id=2] [  0.715] recv (stream_id=55, sensitive) content-length: 82
[id=2] [  0.715] recv HEADERS frame <length=27, flags=0x04, stream_id=55>
          ; END_HEADERS
          (padlen=0)
          ; Open new stream
[id=2] [  0.715] recv DATA frame <length=82, flags=0x01, stream_id=55>
          ; END_STREAM
[id=2] [  0.715] send HEADERS frame <length=11, flags=0x04, stream_id=55>
          ; END_HEADERS
          (padlen=0)
          ; First response header
          :status: 200
          server: nghttpd nghttp2/1.70.0
          cache-control: max-age=3600
          date: Fri, 02 Oct 2026 00:48:12 GMT
          content-length: 47
          last-modified: Fri, 02 Oct 2026 00:48:11 GMT
          content-type: text/event-stream
[id=2] [  0.715] send DATA frame <length=47, flags=0x01, stream_id=55>
          ; END_STREAM
[id=2] [  0.715] stream_id=55 closed
[id=2] [  0.715] recv (stream_id=57) :method: POST
[id=2] [  0.715] recv (stream_id=57) :authority: 127.0.0.1:64194
[id=2] [  0.715] recv (stream_id=57) :path: /small.sse
[id=2] [  0.715] recv (stream_id=57) :scheme: https
[id=2] [  0.715] recv (stream_id=57, sensitive) x-fixture: fourth
[id=2] [  0.715] recv (stream_id=57) content-type: application/json
[id=2] [  0.715] recv (stream_id=57) accept: text/event-stream
[id=2] [  0.715] recv (stream_id=57) accept-encoding: identity
[id=2] [  0.715] recv (stream_id=57, sensitive) content-length: 82
[id=2] [  0.715] recv HEADERS frame <length=27, flags=0x04, stream_id=57>
          ; END_HEADERS
          (padlen=0)
          ; Open new stream
[id=2] [  0.715] recv DATA frame <length=82, flags=0x01, stream_id=57>
          ; END_STREAM
[id=2] [  0.715] send HEADERS frame <length=11, flags=0x04, stream_id=57>
          ; END_HEADERS
          (padlen=0)
          ; First response header
          :status: 200
          server: nghttpd nghttp2/1.70.0
          cache-control: max-age=3600
          date: Fri, 02 Oct 2026 00:48:12 GMT
          content-length: 47
          last-modified: Fri, 02 Oct 2026 00:48:11 GMT
          content-type: text/event-stream
[id=2] [  0.715] send DATA frame <length=47, flags=0x01, stream_id=57>
          ; END_STREAM
[id=2] [  0.715] stream_id=57 closed
[id=2] [  0.715] recv (stream_id=59) :method: POST
[id=2] [  0.715] recv (stream_id=59) :authority: 127.0.0.1:64194
[id=2] [  0.715] recv (stream_id=59) :path: /small.sse
[id=2] [  0.715] recv (stream_id=59) :scheme: https
[id=2] [  0.715] recv (stream_id=59, sensitive) x-fixture: fourth
[id=2] [  0.715] recv (stream_id=59) content-type: application/json
[id=2] [  0.715] recv (stream_id=59) accept: text/event-stream
[id=2] [  0.715] recv (stream_id=59) accept-encoding: identity
[id=2] [  0.715] recv (stream_id=59, sensitive) content-length: 82
[id=2] [  0.715] recv HEADERS frame <length=27, flags=0x04, stream_id=59>
          ; END_HEADERS
          (padlen=0)
          ; Open new stream
[id=2] [  0.715] recv DATA frame <length=82, flags=0x01, stream_id=59>
          ; END_STREAM
[id=2] [  0.715] send HEADERS frame <length=11, flags=0x04, stream_id=59>
          ; END_HEADERS
          (padlen=0)
          ; First response header
          :status: 200
          server: nghttpd nghttp2/1.70.0
          cache-control: max-age=3600
          date: Fri, 02 Oct 2026 00:48:12 GMT
          content-length: 47
          last-modified: Fri, 02 Oct 2026 00:48:11 GMT
          content-type: text/event-stream
[id=2] [  0.715] send DATA frame <length=47, flags=0x01, stream_id=59>
          ; END_STREAM
[id=2] [  0.715] stream_id=59 closed
[id=2] [  0.715] recv (stream_id=61) :method: POST
[id=2] [  0.715] recv (stream_id=61) :authority: 127.0.0.1:64194
[id=2] [  0.715] recv (stream_id=61) :path: /small.sse
[id=2] [  0.715] recv (stream_id=61) :scheme: https
[id=2] [  0.715] recv (stream_id=61, sensitive) x-fixture: fourth
[id=2] [  0.715] recv (stream_id=61) content-type: application/json
[id=2] [  0.715] recv (stream_id=61) accept: text/event-stream
[id=2] [  0.715] recv (stream_id=61) accept-encoding: identity
[id=2] [  0.715] recv (stream_id=61, sensitive) content-length: 82
[id=2] [  0.715] recv HEADERS frame <length=27, flags=0x04, stream_id=61>
          ; END_HEADERS
          (padlen=0)
          ; Open new stream
[id=2] [  0.715] recv DATA frame <length=82, flags=0x01, stream_id=61>
          ; END_STREAM
[id=2] [  0.715] send HEADERS frame <length=11, flags=0x04, stream_id=61>
          ; END_HEADERS
          (padlen=0)
          ; First response header
          :status: 200
          server: nghttpd nghttp2/1.70.0
          cache-control: max-age=3600
          date: Fri, 02 Oct 2026 00:48:12 GMT
          content-length: 47
          last-modified: Fri, 02 Oct 2026 00:48:11 GMT
          content-type: text/event-stream
[id=2] [  0.715] send DATA frame <length=47, flags=0x01, stream_id=61>
          ; END_STREAM
[id=2] [  0.715] stream_id=61 closed
[id=2] [  0.715] recv (stream_id=63) :method: POST
[id=2] [  0.715] recv (stream_id=63) :authority: 127.0.0.1:64194
[id=2] [  0.715] recv (stream_id=63) :path: /small.sse
[id=2] [  0.715] recv (stream_id=63) :scheme: https
[id=2] [  0.715] recv (stream_id=63, sensitive) x-fixture: fourth
[id=2] [  0.715] recv (stream_id=63) content-type: application/json
[id=2] [  0.715] recv (stream_id=63) accept: text/event-stream
[id=2] [  0.715] recv (stream_id=63) accept-encoding: identity
[id=2] [  0.715] recv (stream_id=63, sensitive) content-length: 82
[id=2] [  0.715] recv HEADERS frame <length=27, flags=0x04, stream_id=63>
          ; END_HEADERS
          (padlen=0)
          ; Open new stream
[id=2] [  0.715] recv DATA frame <length=82, flags=0x01, stream_id=63>
          ; END_STREAM
[id=2] [  0.715] send HEADERS frame <length=11, flags=0x04, stream_id=63>
          ; END_HEADERS
          (padlen=0)
          ; First response header
          :status: 200
          server: nghttpd nghttp2/1.70.0
          cache-control: max-age=3600
          date: Fri, 02 Oct 2026 00:48:12 GMT
          content-length: 47
          last-modified: Fri, 02 Oct 2026 00:48:11 GMT
          content-type: text/event-stream
[id=2] [  0.715] send DATA frame <length=47, flags=0x01, stream_id=63>
          ; END_STREAM
[id=2] [  0.715] stream_id=63 closed
[id=2] [  0.715] recv (stream_id=65) :method: POST
[id=2] [  0.715] recv (stream_id=65) :authority: 127.0.0.1:64194
[id=2] [  0.715] recv (stream_id=65) :path: /small.sse
[id=2] [  0.715] recv (stream_id=65) :scheme: https
[id=2] [  0.715] recv (stream_id=65, sensitive) x-fixture: fourth
[id=2] [  0.715] recv (stream_id=65) content-type: application/json
[id=2] [  0.715] recv (stream_id=65) accept: text/event-stream
[id=2] [  0.715] recv (stream_id=65) accept-encoding: identity
[id=2] [  0.715] recv (stream_id=65, sensitive) content-length: 82
[id=2] [  0.715] recv HEADERS frame <length=27, flags=0x04, stream_id=65>
          ; END_HEADERS
          (padlen=0)
          ; Open new stream
[id=2] [  0.715] recv DATA frame <length=82, flags=0x01, stream_id=65>
          ; END_STREAM
[id=2] [  0.715] send HEADERS frame <length=11, flags=0x04, stream_id=65>
          ; END_HEADERS
          (padlen=0)
          ; First response header
          :status: 200
          server: nghttpd nghttp2/1.70.0
          cache-control: max-age=3600
          date: Fri, 02 Oct 2026 00:48:12 GMT
          content-length: 47
          last-modified: Fri, 02 Oct 2026 00:48:11 GMT
          content-type: text/event-stream
[id=2] [  0.715] send DATA frame <length=47, flags=0x01, stream_id=65>
          ; END_STREAM
[id=2] [  0.715] stream_id=65 closed
[id=2] [  0.715] recv (stream_id=67) :method: POST
[id=2] [  0.715] recv (stream_id=67) :authority: 127.0.0.1:64194
[id=2] [  0.715] recv (stream_id=67) :path: /small.sse
[id=2] [  0.715] recv (stream_id=67) :scheme: https
[id=2] [  0.715] recv (stream_id=67, sensitive) x-fixture: fourth
[id=2] [  0.715] recv (stream_id=67) content-type: application/json
[id=2] [  0.715] recv (stream_id=67) accept: text/event-stream
[id=2] [  0.715] recv (stream_id=67) accept-encoding: identity
[id=2] [  0.715] recv (stream_id=67, sensitive) content-length: 82
[id=2] [  0.715] recv HEADERS frame <length=27, flags=0x04, stream_id=67>
          ; END_HEADERS
          (padlen=0)
          ; Open new stream
[id=2] [  0.715] recv DATA frame <length=82, flags=0x01, stream_id=67>
          ; END_STREAM
[id=2] [  0.715] send HEADERS frame <length=11, flags=0x04, stream_id=67>
          ; END_HEADERS
          (padlen=0)
          ; First response header
          :status: 200
          server: nghttpd nghttp2/1.70.0
          cache-control: max-age=3600
          date: Fri, 02 Oct 2026 00:48:12 GMT
          content-length: 47
          last-modified: Fri, 02 Oct 2026 00:48:11 GMT
          content-type: text/event-stream
[id=2] [  0.715] send DATA frame <length=47, flags=0x01, stream_id=67>
          ; END_STREAM
[id=2] [  0.715] stream_id=67 closed
[id=2] [  0.715] recv (stream_id=69) :method: POST
[id=2] [  0.715] recv (stream_id=69) :authority: 127.0.0.1:64194
[id=2] [  0.715] recv (stream_id=69) :path: /small.sse
[id=2] [  0.715] recv (stream_id=69) :scheme: https
[id=2] [  0.715] recv (stream_id=69, sensitive) x-fixture: fourth
[id=2] [  0.715] recv (stream_id=69) content-type: application/json
[id=2] [  0.715] recv (stream_id=69) accept: text/event-stream
[id=2] [  0.715] recv (stream_id=69) accept-encoding: identity
[id=2] [  0.715] recv (stream_id=69, sensitive) content-length: 82
[id=2] [  0.715] recv HEADERS frame <length=27, flags=0x04, stream_id=69>
          ; END_HEADERS
          (padlen=0)
          ; Open new stream
[id=2] [  0.715] recv DATA frame <length=82, flags=0x01, stream_id=69>
          ; END_STREAM
[id=2] [  0.715] send HEADERS frame <length=11, flags=0x04, stream_id=69>
          ; END_HEADERS
          (padlen=0)
          ; First response header
          :status: 200
          server: nghttpd nghttp2/1.70.0
          cache-control: max-age=3600
          date: Fri, 02 Oct 2026 00:48:12 GMT
          content-length: 47
          last-modified: Fri, 02 Oct 2026 00:48:11 GMT
          content-type: text/event-stream
[id=2] [  0.715] send DATA frame <length=47, flags=0x01, stream_id=69>
          ; END_STREAM
[id=2] [  0.715] stream_id=69 closed
[id=2] [  0.715] recv (stream_id=71) :method: POST
[id=2] [  0.715] recv (stream_id=71) :authority: 127.0.0.1:64194
[id=2] [  0.715] recv (stream_id=71) :path: /small.sse
[id=2] [  0.715] recv (stream_id=71) :scheme: https
[id=2] [  0.715] recv (stream_id=71, sensitive) x-fixture: fourth
[id=2] [  0.715] recv (stream_id=71) content-type: application/json
[id=2] [  0.716] recv (stream_id=71) accept: text/event-stream
[id=2] [  0.716] recv (stream_id=71) accept-encoding: identity
[id=2] [  0.716] recv (stream_id=71, sensitive) content-length: 82
[id=2] [  0.716] recv HEADERS frame <length=27, flags=0x04, stream_id=71>
          ; END_HEADERS
          (padlen=0)
          ; Open new stream
[id=2] [  0.716] recv DATA frame <length=82, flags=0x01, stream_id=71>
          ; END_STREAM
[id=2] [  0.716] send HEADERS frame <length=11, flags=0x04, stream_id=71>
          ; END_HEADERS
          (padlen=0)
          ; First response header
          :status: 200
          server: nghttpd nghttp2/1.70.0
          cache-control: max-age=3600
          date: Fri, 02 Oct 2026 00:48:12 GMT
          content-length: 47
          last-modified: Fri, 02 Oct 2026 00:48:11 GMT
          content-type: text/event-stream
[id=2] [  0.716] send DATA frame <length=47, flags=0x01, stream_id=71>
          ; END_STREAM
[id=2] [  0.716] stream_id=71 closed
[id=2] [  0.716] recv (stream_id=73) :method: POST
[id=2] [  0.716] recv (stream_id=73) :authority: 127.0.0.1:64194
[id=2] [  0.716] recv (stream_id=73) :path: /small.sse
[id=2] [  0.716] recv (stream_id=73) :scheme: https
[id=2] [  0.716] recv (stream_id=73, sensitive) x-fixture: fourth
[id=2] [  0.716] recv (stream_id=73) content-type: application/json
[id=2] [  0.716] recv (stream_id=73) accept: text/event-stream
[id=2] [  0.716] recv (stream_id=73) accept-encoding: identity
[id=2] [  0.716] recv (stream_id=73, sensitive) content-length: 82
[id=2] [  0.716] recv HEADERS frame <length=27, flags=0x04, stream_id=73>
          ; END_HEADERS
          (padlen=0)
          ; Open new stream
[id=2] [  0.716] recv DATA frame <length=82, flags=0x01, stream_id=73>
          ; END_STREAM
[id=2] [  0.716] send HEADERS frame <length=11, flags=0x04, stream_id=73>
          ; END_HEADERS
          (padlen=0)
          ; First response header
          :status: 200
          server: nghttpd nghttp2/1.70.0
          cache-control: max-age=3600
          date: Fri, 02 Oct 2026 00:48:12 GMT
          content-length: 47
          last-modified: Fri, 02 Oct 2026 00:48:11 GMT
          content-type: text/event-stream
[id=2] [  0.716] send DATA frame <length=47, flags=0x01, stream_id=73>
          ; END_STREAM
[id=2] [  0.716] stream_id=73 closed
[id=2] [  0.716] recv (stream_id=75) :method: POST
[id=2] [  0.716] recv (stream_id=75) :authority: 127.0.0.1:64194
[id=2] [  0.716] recv (stream_id=75) :path: /small.sse
[id=2] [  0.716] recv (stream_id=75) :scheme: https
[id=2] [  0.716] recv (stream_id=75, sensitive) x-fixture: fourth
[id=2] [  0.716] recv (stream_id=75) content-type: application/json
[id=2] [  0.716] recv (stream_id=75) accept: text/event-stream
[id=2] [  0.716] recv (stream_id=75) accept-encoding: identity
[id=2] [  0.716] recv (stream_id=75, sensitive) content-length: 82
[id=2] [  0.716] recv HEADERS frame <length=27, flags=0x04, stream_id=75>
          ; END_HEADERS
          (padlen=0)
          ; Open new stream
[id=2] [  0.716] recv DATA frame <length=82, flags=0x01, stream_id=75>
          ; END_STREAM
[id=2] [  0.716] send HEADERS frame <length=11, flags=0x04, stream_id=75>
          ; END_HEADERS
          (padlen=0)
          ; First response header
          :status: 200
          server: nghttpd nghttp2/1.70.0
          cache-control: max-age=3600
          date: Fri, 02 Oct 2026 00:48:12 GMT
          content-length: 47
          last-modified: Fri, 02 Oct 2026 00:48:11 GMT
          content-type: text/event-stream
[id=2] [  0.716] send DATA frame <length=47, flags=0x01, stream_id=75>
          ; END_STREAM
[id=2] [  0.716] stream_id=75 closed
[id=2] [  0.716] recv (stream_id=77) :method: POST
[id=2] [  0.716] recv (stream_id=77) :authority: 127.0.0.1:64194
[id=2] [  0.716] recv (stream_id=77) :path: /small.sse
[id=2] [  0.716] recv (stream_id=77) :scheme: https
[id=2] [  0.716] recv (stream_id=77, sensitive) x-fixture: fourth
[id=2] [  0.716] recv (stream_id=77) content-type: application/json
[id=2] [  0.716] recv (stream_id=77) accept: text/event-stream
[id=2] [  0.716] recv (stream_id=77) accept-encoding: identity
[id=2] [  0.716] recv (stream_id=77, sensitive) content-length: 82
[id=2] [  0.716] recv HEADERS frame <length=27, flags=0x04, stream_id=77>
          ; END_HEADERS
          (padlen=0)
          ; Open new stream
[id=2] [  0.716] recv DATA frame <length=82, flags=0x01, stream_id=77>
          ; END_STREAM
[id=2] [  0.716] send HEADERS frame <length=11, flags=0x04, stream_id=77>
          ; END_HEADERS
          (padlen=0)
          ; First response header
          :status: 200
          server: nghttpd nghttp2/1.70.0
          cache-control: max-age=3600
          date: Fri, 02 Oct 2026 00:48:12 GMT
          content-length: 47
          last-modified: Fri, 02 Oct 2026 00:48:11 GMT
          content-type: text/event-stream
[id=2] [  0.716] send DATA frame <length=47, flags=0x01, stream_id=77>
          ; END_STREAM
[id=2] [  0.716] stream_id=77 closed
[id=2] [  0.716] recv (stream_id=79) :method: POST
[id=2] [  0.716] recv (stream_id=79) :authority: 127.0.0.1:64194
[id=2] [  0.716] recv (stream_id=79) :path: /small.sse
[id=2] [  0.716] recv (stream_id=79) :scheme: https
[id=2] [  0.716] recv (stream_id=79, sensitive) x-fixture: fourth
[id=2] [  0.716] recv (stream_id=79) content-type: application/json
[id=2] [  0.716] recv (stream_id=79) accept: text/event-stream
[id=2] [  0.716] recv (stream_id=79) accept-encoding: identity
[id=2] [  0.716] recv (stream_id=79, sensitive) content-length: 82
[id=2] [  0.716] recv HEADERS frame <length=27, flags=0x04, stream_id=79>
          ; END_HEADERS
          (padlen=0)
          ; Open new stream
[id=2] [  0.716] recv DATA frame <length=82, flags=0x01, stream_id=79>
          ; END_STREAM
[id=2] [  0.716] send HEADERS frame <length=11, flags=0x04, stream_id=79>
          ; END_HEADERS
          (padlen=0)
          ; First response header
          :status: 200
          server: nghttpd nghttp2/1.70.0
          cache-control: max-age=3600
          date: Fri, 02 Oct 2026 00:48:12 GMT
          content-length: 47
          last-modified: Fri, 02 Oct 2026 00:48:11 GMT
          content-type: text/event-stream
[id=2] [  0.716] send DATA frame <length=47, flags=0x01, stream_id=79>
          ; END_STREAM
[id=2] [  0.716] stream_id=79 closed
[id=2] [  0.716] recv (stream_id=81) :method: POST
[id=2] [  0.716] recv (stream_id=81) :authority: 127.0.0.1:64194
[id=2] [  0.716] recv (stream_id=81) :path: /small.sse
[id=2] [  0.716] recv (stream_id=81) :scheme: https
[id=2] [  0.716] recv (stream_id=81, sensitive) x-fixture: fourth
[id=2] [  0.716] recv (stream_id=81) content-type: application/json
[id=2] [  0.716] recv (stream_id=81) accept: text/event-stream
[id=2] [  0.716] recv (stream_id=81) accept-encoding: identity
[id=2] [  0.716] recv (stream_id=81, sensitive) content-length: 82
[id=2] [  0.716] recv HEADERS frame <length=27, flags=0x04, stream_id=81>
          ; END_HEADERS
          (padlen=0)
          ; Open new stream
[id=2] [  0.716] recv DATA frame <length=82, flags=0x01, stream_id=81>
          ; END_STREAM
[id=2] [  0.716] send HEADERS frame <length=11, flags=0x04, stream_id=81>
          ; END_HEADERS
          (padlen=0)
          ; First response header
          :status: 200
          server: nghttpd nghttp2/1.70.0
          cache-control: max-age=3600
          date: Fri, 02 Oct 2026 00:48:12 GMT
          content-length: 47
          last-modified: Fri, 02 Oct 2026 00:48:11 GMT
          content-type: text/event-stream
[id=2] [  0.716] send DATA frame <length=47, flags=0x01, stream_id=81>
          ; END_STREAM
[id=2] [  0.716] stream_id=81 closed
[id=2] [  0.716] recv (stream_id=83) :method: POST
[id=2] [  0.716] recv (stream_id=83) :authority: 127.0.0.1:64194
[id=2] [  0.716] recv (stream_id=83) :path: /small.sse
[id=2] [  0.716] recv (stream_id=83) :scheme: https
[id=2] [  0.716] recv (stream_id=83, sensitive) x-fixture: fourth
[id=2] [  0.716] recv (stream_id=83) content-type: application/json
[id=2] [  0.716] recv (stream_id=83) accept: text/event-stream
[id=2] [  0.716] recv (stream_id=83) accept-encoding: identity
[id=2] [  0.716] recv (stream_id=83, sensitive) content-length: 82
[id=2] [  0.716] recv HEADERS frame <length=27, flags=0x04, stream_id=83>
          ; END_HEADERS
          (padlen=0)
          ; Open new stream
[id=2] [  0.716] recv DATA frame <length=82, flags=0x01, stream_id=83>
          ; END_STREAM
[id=2] [  0.716] send HEADERS frame <length=11, flags=0x04, stream_id=83>
          ; END_HEADERS
          (padlen=0)
          ; First response header
          :status: 200
          server: nghttpd nghttp2/1.70.0
          cache-control: max-age=3600
          date: Fri, 02 Oct 2026 00:48:12 GMT
          content-length: 47
          last-modified: Fri, 02 Oct 2026 00:48:11 GMT
          content-type: text/event-stream
[id=2] [  0.716] send DATA frame <length=47, flags=0x01, stream_id=83>
          ; END_STREAM
[id=2] [  0.716] stream_id=83 closed
[id=2] [  0.716] recv (stream_id=85) :method: POST
[id=2] [  0.716] recv (stream_id=85) :authority: 127.0.0.1:64194
[id=2] [  0.716] recv (stream_id=85) :path: /small.sse
[id=2] [  0.716] recv (stream_id=85) :scheme: https
[id=2] [  0.716] recv (stream_id=85, sensitive) x-fixture: fourth
[id=2] [  0.716] recv (stream_id=85) content-type: application/json
[id=2] [  0.716] recv (stream_id=85) accept: text/event-stream
[id=2] [  0.716] recv (stream_id=85) accept-encoding: identity
[id=2] [  0.716] recv (stream_id=85, sensitive) content-length: 82
[id=2] [  0.716] recv HEADERS frame <length=27, flags=0x04, stream_id=85>
          ; END_HEADERS
          (padlen=0)
          ; Open new stream
[id=2] [  0.716] recv DATA frame <length=82, flags=0x01, stream_id=85>
          ; END_STREAM
[id=2] [  0.716] send HEADERS frame <length=11, flags=0x04, stream_id=85>
          ; END_HEADERS
          (padlen=0)
          ; First response header
          :status: 200
          server: nghttpd nghttp2/1.70.0
          cache-control: max-age=3600
          date: Fri, 02 Oct 2026 00:48:12 GMT
          content-length: 47
          last-modified: Fri, 02 Oct 2026 00:48:11 GMT
          content-type: text/event-stream
[id=2] [  0.716] send DATA frame <length=47, flags=0x01, stream_id=85>
          ; END_STREAM
[id=2] [  0.716] stream_id=85 closed
[id=2] [  0.717] recv (stream_id=87) :method: POST
[id=2] [  0.717] recv (stream_id=87) :authority: 127.0.0.1:64194
[id=2] [  0.717] recv (stream_id=87) :path: /small.sse
[id=2] [  0.717] recv (stream_id=87) :scheme: https
[id=2] [  0.717] recv (stream_id=87, sensitive) x-fixture: fourth
[id=2] [  0.717] recv (stream_id=87) content-type: application/json
[id=2] [  0.717] recv (stream_id=87) accept: text/event-stream
[id=2] [  0.717] recv (stream_id=87) accept-encoding: identity
[id=2] [  0.717] recv (stream_id=87, sensitive) content-length: 82
[id=2] [  0.717] recv HEADERS frame <length=27, flags=0x04, stream_id=87>
          ; END_HEADERS
          (padlen=0)
          ; Open new stream
[id=2] [  0.717] recv DATA frame <length=82, flags=0x01, stream_id=87>
          ; END_STREAM
[id=2] [  0.717] send HEADERS frame <length=11, flags=0x04, stream_id=87>
          ; END_HEADERS
          (padlen=0)
          ; First response header
          :status: 200
          server: nghttpd nghttp2/1.70.0
          cache-control: max-age=3600
          date: Fri, 02 Oct 2026 00:48:12 GMT
          content-length: 47
          last-modified: Fri, 02 Oct 2026 00:48:11 GMT
          content-type: text/event-stream
[id=2] [  0.717] send DATA frame <length=47, flags=0x01, stream_id=87>
          ; END_STREAM
[id=2] [  0.717] stream_id=87 closed
[id=2] [  0.717] recv (stream_id=89) :method: POST
[id=2] [  0.717] recv (stream_id=89) :authority: 127.0.0.1:64194
[id=2] [  0.717] recv (stream_id=89) :path: /small.sse
[id=2] [  0.717] recv (stream_id=89) :scheme: https
[id=2] [  0.717] recv (stream_id=89, sensitive) x-fixture: fourth
[id=2] [  0.717] recv (stream_id=89) content-type: application/json
[id=2] [  0.717] recv (stream_id=89) accept: text/event-stream
[id=2] [  0.717] recv (stream_id=89) accept-encoding: identity
[id=2] [  0.717] recv (stream_id=89, sensitive) content-length: 82
[id=2] [  0.717] recv HEADERS frame <length=27, flags=0x04, stream_id=89>
          ; END_HEADERS
          (padlen=0)
          ; Open new stream
[id=2] [  0.717] recv DATA frame <length=82, flags=0x01, stream_id=89>
          ; END_STREAM
[id=2] [  0.717] send HEADERS frame <length=11, flags=0x04, stream_id=89>
          ; END_HEADERS
          (padlen=0)
          ; First response header
          :status: 200
          server: nghttpd nghttp2/1.70.0
          cache-control: max-age=3600
          date: Fri, 02 Oct 2026 00:48:12 GMT
          content-length: 47
          last-modified: Fri, 02 Oct 2026 00:48:11 GMT
          content-type: text/event-stream
[id=2] [  0.717] send DATA frame <length=47, flags=0x01, stream_id=89>
          ; END_STREAM
[id=2] [  0.717] stream_id=89 closed
[id=2] [  0.717] recv (stream_id=91) :method: POST
[id=2] [  0.717] recv (stream_id=91) :authority: 127.0.0.1:64194
[id=2] [  0.717] recv (stream_id=91) :path: /small.sse
[id=2] [  0.717] recv (stream_id=91) :scheme: https
[id=2] [  0.717] recv (stream_id=91, sensitive) x-fixture: fourth
[id=2] [  0.717] recv (stream_id=91) content-type: application/json
[id=2] [  0.717] recv (stream_id=91) accept: text/event-stream
[id=2] [  0.717] recv (stream_id=91) accept-encoding: identity
[id=2] [  0.717] recv (stream_id=91, sensitive) content-length: 82
[id=2] [  0.717] recv HEADERS frame <length=27, flags=0x04, stream_id=91>
          ; END_HEADERS
          (padlen=0)
          ; Open new stream
[id=2] [  0.717] recv DATA frame <length=82, flags=0x01, stream_id=91>
          ; END_STREAM
[id=2] [  0.717] send HEADERS frame <length=11, flags=0x04, stream_id=91>
          ; END_HEADERS
          (padlen=0)
          ; First response header
          :status: 200
          server: nghttpd nghttp2/1.70.0
          cache-control: max-age=3600
          date: Fri, 02 Oct 2026 00:48:12 GMT
          content-length: 47
          last-modified: Fri, 02 Oct 2026 00:48:11 GMT
          content-type: text/event-stream
[id=2] [  0.717] send DATA frame <length=47, flags=0x01, stream_id=91>
          ; END_STREAM
[id=2] [  0.717] stream_id=91 closed
[id=2] [  0.717] recv (stream_id=93) :method: POST
[id=2] [  0.717] recv (stream_id=93) :authority: 127.0.0.1:64194
[id=2] [  0.717] recv (stream_id=93) :path: /small.sse
[id=2] [  0.717] recv (stream_id=93) :scheme: https
[id=2] [  0.717] recv (stream_id=93, sensitive) x-fixture: fourth
[id=2] [  0.717] recv (stream_id=93) content-type: application/json
[id=2] [  0.717] recv (stream_id=93) accept: text/event-stream
[id=2] [  0.717] recv (stream_id=93) accept-encoding: identity
[id=2] [  0.717] recv (stream_id=93, sensitive) content-length: 82
[id=2] [  0.717] recv HEADERS frame <length=27, flags=0x04, stream_id=93>
          ; END_HEADERS
          (padlen=0)
          ; Open new stream
[id=2] [  0.717] recv DATA frame <length=82, flags=0x01, stream_id=93>
          ; END_STREAM
[id=2] [  0.717] send HEADERS frame <length=11, flags=0x04, stream_id=93>
          ; END_HEADERS
          (padlen=0)
          ; First response header
          :status: 200
          server: nghttpd nghttp2/1.70.0
          cache-control: max-age=3600
          date: Fri, 02 Oct 2026 00:48:12 GMT
          content-length: 47
          last-modified: Fri, 02 Oct 2026 00:48:11 GMT
          content-type: text/event-stream
[id=2] [  0.717] send DATA frame <length=47, flags=0x01, stream_id=93>
          ; END_STREAM
[id=2] [  0.717] stream_id=93 closed
[id=2] [  0.717] recv (stream_id=95) :method: POST
[id=2] [  0.717] recv (stream_id=95) :authority: 127.0.0.1:64194
[id=2] [  0.717] recv (stream_id=95) :path: /small.sse
[id=2] [  0.717] recv (stream_id=95) :scheme: https
[id=2] [  0.717] recv (stream_id=95, sensitive) x-fixture: fourth
[id=2] [  0.717] recv (stream_id=95) content-type: application/json
[id=2] [  0.717] recv (stream_id=95) accept: text/event-stream
[id=2] [  0.717] recv (stream_id=95) accept-encoding: identity
[id=2] [  0.717] recv (stream_id=95, sensitive) content-length: 82
[id=2] [  0.717] recv HEADERS frame <length=27, flags=0x04, stream_id=95>
          ; END_HEADERS
          (padlen=0)
          ; Open new stream
[id=2] [  0.717] recv DATA frame <length=82, flags=0x01, stream_id=95>
          ; END_STREAM
[id=2] [  0.717] send HEADERS frame <length=11, flags=0x04, stream_id=95>
          ; END_HEADERS
          (padlen=0)
          ; First response header
          :status: 200
          server: nghttpd nghttp2/1.70.0
          cache-control: max-age=3600
          date: Fri, 02 Oct 2026 00:48:12 GMT
          content-length: 47
          last-modified: Fri, 02 Oct 2026 00:48:11 GMT
          content-type: text/event-stream
[id=2] [  0.717] send DATA frame <length=47, flags=0x01, stream_id=95>
          ; END_STREAM
[id=2] [  0.717] stream_id=95 closed
[id=2] [  0.717] recv (stream_id=97) :method: POST
[id=2] [  0.717] recv (stream_id=97) :authority: 127.0.0.1:64194
[id=2] [  0.717] recv (stream_id=97) :path: /small.sse
[id=2] [  0.717] recv (stream_id=97) :scheme: https
[id=2] [  0.717] recv (stream_id=97, sensitive) x-fixture: fourth
[id=2] [  0.717] recv (stream_id=97) content-type: application/json
[id=2] [  0.717] recv (stream_id=97) accept: text/event-stream
[id=2] [  0.717] recv (stream_id=97) accept-encoding: identity
[id=2] [  0.717] recv (stream_id=97, sensitive) content-length: 82
[id=2] [  0.717] recv HEADERS frame <length=27, flags=0x04, stream_id=97>
          ; END_HEADERS
          (padlen=0)
          ; Open new stream
[id=2] [  0.717] recv DATA frame <length=82, flags=0x01, stream_id=97>
          ; END_STREAM
[id=2] [  0.717] send HEADERS frame <length=11, flags=0x04, stream_id=97>
          ; END_HEADERS
          (padlen=0)
          ; First response header
          :status: 200
          server: nghttpd nghttp2/1.70.0
          cache-control: max-age=3600
          date: Fri, 02 Oct 2026 00:48:12 GMT
          content-length: 47
          last-modified: Fri, 02 Oct 2026 00:48:11 GMT
          content-type: text/event-stream
[id=2] [  0.718] send DATA frame <length=47, flags=0x01, stream_id=97>
          ; END_STREAM
[id=2] [  0.718] stream_id=97 closed
[id=2] [  0.718] recv (stream_id=99) :method: POST
[id=2] [  0.718] recv (stream_id=99) :authority: 127.0.0.1:64194
[id=2] [  0.718] recv (stream_id=99) :path: /small.sse
[id=2] [  0.718] recv (stream_id=99) :scheme: https
[id=2] [  0.718] recv (stream_id=99, sensitive) x-fixture: fourth
[id=2] [  0.718] recv (stream_id=99) content-type: application/json
[id=2] [  0.718] recv (stream_id=99) accept: text/event-stream
[id=2] [  0.718] recv (stream_id=99) accept-encoding: identity
[id=2] [  0.718] recv (stream_id=99, sensitive) content-length: 82
[id=2] [  0.718] recv HEADERS frame <length=27, flags=0x04, stream_id=99>
          ; END_HEADERS
          (padlen=0)
          ; Open new stream
[id=2] [  0.718] recv DATA frame <length=82, flags=0x01, stream_id=99>
          ; END_STREAM
[id=2] [  0.718] send HEADERS frame <length=11, flags=0x04, stream_id=99>
          ; END_HEADERS
          (padlen=0)
          ; First response header
          :status: 200
          server: nghttpd nghttp2/1.70.0
          cache-control: max-age=3600
          date: Fri, 02 Oct 2026 00:48:12 GMT
          content-length: 47
          last-modified: Fri, 02 Oct 2026 00:48:11 GMT
          content-type: text/event-stream
[id=2] [  0.718] send DATA frame <length=47, flags=0x01, stream_id=99>
          ; END_STREAM
[id=2] [  0.718] stream_id=99 closed
[id=2] [  0.718] recv (stream_id=101) :method: POST
[id=2] [  0.718] recv (stream_id=101) :authority: 127.0.0.1:64194
[id=2] [  0.718] recv (stream_id=101) :path: /small.sse
[id=2] [  0.718] recv (stream_id=101) :scheme: https
[id=2] [  0.718] recv (stream_id=101, sensitive) x-fixture: fourth
[id=2] [  0.718] recv (stream_id=101) content-type: application/json
[id=2] [  0.718] recv (stream_id=101) accept: text/event-stream
[id=2] [  0.718] recv (stream_id=101) accept-encoding: identity
[id=2] [  0.718] recv (stream_id=101, sensitive) content-length: 82
[id=2] [  0.718] recv HEADERS frame <length=27, flags=0x04, stream_id=101>
          ; END_HEADERS
          (padlen=0)
          ; Open new stream
[id=2] [  0.718] recv DATA frame <length=82, flags=0x01, stream_id=101>
          ; END_STREAM
[id=2] [  0.718] send HEADERS frame <length=11, flags=0x04, stream_id=101>
          ; END_HEADERS
          (padlen=0)
          ; First response header
          :status: 200
          server: nghttpd nghttp2/1.70.0
          cache-control: max-age=3600
          date: Fri, 02 Oct 2026 00:48:12 GMT
          content-length: 47
          last-modified: Fri, 02 Oct 2026 00:48:11 GMT
          content-type: text/event-stream
[id=2] [  0.718] send DATA frame <length=47, flags=0x01, stream_id=101>
          ; END_STREAM
[id=2] [  0.718] stream_id=101 closed
[id=2] [  0.718] recv (stream_id=103) :method: POST
[id=2] [  0.718] recv (stream_id=103) :authority: 127.0.0.1:64194
[id=2] [  0.718] recv (stream_id=103) :path: /small.sse
[id=2] [  0.718] recv (stream_id=103) :scheme: https
[id=2] [  0.718] recv (stream_id=103, sensitive) x-fixture: fourth
[id=2] [  0.718] recv (stream_id=103) content-type: application/json
[id=2] [  0.718] recv (stream_id=103) accept: text/event-stream
[id=2] [  0.718] recv (stream_id=103) accept-encoding: identity
[id=2] [  0.718] recv (stream_id=103, sensitive) content-length: 82
[id=2] [  0.718] recv HEADERS frame <length=27, flags=0x04, stream_id=103>
          ; END_HEADERS
          (padlen=0)
          ; Open new stream
[id=2] [  0.718] recv DATA frame <length=82, flags=0x01, stream_id=103>
          ; END_STREAM
[id=2] [  0.718] send HEADERS frame <length=11, flags=0x04, stream_id=103>
          ; END_HEADERS
          (padlen=0)
          ; First response header
          :status: 200
          server: nghttpd nghttp2/1.70.0
          cache-control: max-age=3600
          date: Fri, 02 Oct 2026 00:48:12 GMT
          content-length: 47
          last-modified: Fri, 02 Oct 2026 00:48:11 GMT
          content-type: text/event-stream
[id=2] [  0.718] send DATA frame <length=47, flags=0x01, stream_id=103>
          ; END_STREAM
[id=2] [  0.718] stream_id=103 closed
[id=2] [  0.718] recv (stream_id=105) :method: POST
[id=2] [  0.718] recv (stream_id=105) :authority: 127.0.0.1:64194
[id=2] [  0.718] recv (stream_id=105) :path: /small.sse
[id=2] [  0.718] recv (stream_id=105) :scheme: https
[id=2] [  0.718] recv (stream_id=105, sensitive) x-fixture: fourth
[id=2] [  0.718] recv (stream_id=105) content-type: application/json
[id=2] [  0.718] recv (stream_id=105) accept: text/event-stream
[id=2] [  0.718] recv (stream_id=105) accept-encoding: identity
[id=2] [  0.718] recv (stream_id=105, sensitive) content-length: 82
[id=2] [  0.718] recv HEADERS frame <length=27, flags=0x04, stream_id=105>
          ; END_HEADERS
          (padlen=0)
          ; Open new stream
[id=2] [  0.718] recv DATA frame <length=82, flags=0x01, stream_id=105>
          ; END_STREAM
[id=2] [  0.718] send HEADERS frame <length=11, flags=0x04, stream_id=105>
          ; END_HEADERS
          (padlen=0)
          ; First response header
          :status: 200
          server: nghttpd nghttp2/1.70.0
          cache-control: max-age=3600
          date: Fri, 02 Oct 2026 00:48:12 GMT
          content-length: 47
          last-modified: Fri, 02 Oct 2026 00:48:11 GMT
          content-type: text/event-stream
[id=2] [  0.718] send DATA frame <length=47, flags=0x01, stream_id=105>
          ; END_STREAM
[id=2] [  0.718] stream_id=105 closed
[id=2] [  0.718] recv (stream_id=107) :method: POST
[id=2] [  0.718] recv (stream_id=107) :authority: 127.0.0.1:64194
[id=2] [  0.718] recv (stream_id=107) :path: /small.sse
[id=2] [  0.718] recv (stream_id=107) :scheme: https
[id=2] [  0.718] recv (stream_id=107, sensitive) x-fixture: fourth
[id=2] [  0.718] recv (stream_id=107) content-type: application/json
[id=2] [  0.718] recv (stream_id=107) accept: text/event-stream
[id=2] [  0.718] recv (stream_id=107) accept-encoding: identity
[id=2] [  0.718] recv (stream_id=107, sensitive) content-length: 82
[id=2] [  0.718] recv HEADERS frame <length=27, flags=0x04, stream_id=107>
          ; END_HEADERS
          (padlen=0)
          ; Open new stream
[id=2] [  0.718] recv DATA frame <length=82, flags=0x01, stream_id=107>
          ; END_STREAM
[id=2] [  0.718] send HEADERS frame <length=11, flags=0x04, stream_id=107>
          ; END_HEADERS
          (padlen=0)
          ; First response header
          :status: 200
          server: nghttpd nghttp2/1.70.0
          cache-control: max-age=3600
          date: Fri, 02 Oct 2026 00:48:12 GMT
          content-length: 47
          last-modified: Fri, 02 Oct 2026 00:48:11 GMT
          content-type: text/event-stream
[id=2] [  0.718] send DATA frame <length=47, flags=0x01, stream_id=107>
          ; END_STREAM
[id=2] [  0.718] stream_id=107 closed
[id=2] [  0.719] recv (stream_id=109) :method: POST
[id=2] [  0.719] recv (stream_id=109) :authority: 127.0.0.1:64194
[id=2] [  0.719] recv (stream_id=109) :path: /small.sse
[id=2] [  0.719] recv (stream_id=109) :scheme: https
[id=2] [  0.719] recv (stream_id=109, sensitive) x-fixture: fourth
[id=2] [  0.719] recv (stream_id=109) content-type: application/json
[id=2] [  0.719] recv (stream_id=109) accept: text/event-stream
[id=2] [  0.719] recv (stream_id=109) accept-encoding: identity
[id=2] [  0.719] recv (stream_id=109, sensitive) content-length: 82
[id=2] [  0.719] recv HEADERS frame <length=27, flags=0x04, stream_id=109>
          ; END_HEADERS
          (padlen=0)
          ; Open new stream
[id=2] [  0.719] recv DATA frame <length=82, flags=0x01, stream_id=109>
          ; END_STREAM
[id=2] [  0.719] send HEADERS frame <length=11, flags=0x04, stream_id=109>
          ; END_HEADERS
          (padlen=0)
          ; First response header
          :status: 200
          server: nghttpd nghttp2/1.70.0
          cache-control: max-age=3600
          date: Fri, 02 Oct 2026 00:48:12 GMT
          content-length: 47
          last-modified: Fri, 02 Oct 2026 00:48:11 GMT
          content-type: text/event-stream
[id=2] [  0.719] send DATA frame <length=47, flags=0x01, stream_id=109>
          ; END_STREAM
[id=2] [  0.719] stream_id=109 closed
[id=2] [  0.719] recv (stream_id=111) :method: POST
[id=2] [  0.719] recv (stream_id=111) :authority: 127.0.0.1:64194
[id=2] [  0.719] recv (stream_id=111) :path: /small.sse
[id=2] [  0.719] recv (stream_id=111) :scheme: https
[id=2] [  0.719] recv (stream_id=111, sensitive) x-fixture: fourth
[id=2] [  0.719] recv (stream_id=111) content-type: application/json
[id=2] [  0.719] recv (stream_id=111) accept: text/event-stream
[id=2] [  0.719] recv (stream_id=111) accept-encoding: identity
[id=2] [  0.719] recv (stream_id=111, sensitive) content-length: 82
[id=2] [  0.719] recv HEADERS frame <length=27, flags=0x04, stream_id=111>
          ; END_HEADERS
          (padlen=0)
          ; Open new stream
[id=2] [  0.719] recv DATA frame <length=82, flags=0x01, stream_id=111>
          ; END_STREAM
[id=2] [  0.719] send HEADERS frame <length=11, flags=0x04, stream_id=111>
          ; END_HEADERS
          (padlen=0)
          ; First response header
          :status: 200
          server: nghttpd nghttp2/1.70.0
          cache-control: max-age=3600
          date: Fri, 02 Oct 2026 00:48:12 GMT
          content-length: 47
          last-modified: Fri, 02 Oct 2026 00:48:11 GMT
          content-type: text/event-stream
[id=2] [  0.719] send DATA frame <length=47, flags=0x01, stream_id=111>
          ; END_STREAM
[id=2] [  0.719] stream_id=111 closed
[id=2] [  0.719] recv (stream_id=113) :method: POST
[id=2] [  0.719] recv (stream_id=113) :authority: 127.0.0.1:64194
[id=2] [  0.719] recv (stream_id=113) :path: /small.sse
[id=2] [  0.719] recv (stream_id=113) :scheme: https
[id=2] [  0.719] recv (stream_id=113, sensitive) x-fixture: fourth
[id=2] [  0.719] recv (stream_id=113) content-type: application/json
[id=2] [  0.719] recv (stream_id=113) accept: text/event-stream
[id=2] [  0.719] recv (stream_id=113) accept-encoding: identity
[id=2] [  0.719] recv (stream_id=113, sensitive) content-length: 82
[id=2] [  0.719] recv HEADERS frame <length=27, flags=0x04, stream_id=113>
          ; END_HEADERS
          (padlen=0)
          ; Open new stream
[id=2] [  0.719] recv DATA frame <length=82, flags=0x01, stream_id=113>
          ; END_STREAM
[id=2] [  0.719] send HEADERS frame <length=11, flags=0x04, stream_id=113>
          ; END_HEADERS
          (padlen=0)
          ; First response header
          :status: 200
          server: nghttpd nghttp2/1.70.0
          cache-control: max-age=3600
          date: Fri, 02 Oct 2026 00:48:12 GMT
          content-length: 47
          last-modified: Fri, 02 Oct 2026 00:48:11 GMT
          content-type: text/event-stream
[id=2] [  0.719] send DATA frame <length=47, flags=0x01, stream_id=113>
          ; END_STREAM
[id=2] [  0.719] stream_id=113 closed
[id=2] [  0.719] recv (stream_id=115) :method: POST
[id=2] [  0.719] recv (stream_id=115) :authority: 127.0.0.1:64194
[id=2] [  0.719] recv (stream_id=115) :path: /small.sse
[id=2] [  0.719] recv (stream_id=115) :scheme: https
[id=2] [  0.719] recv (stream_id=115, sensitive) x-fixture: fourth
[id=2] [  0.719] recv (stream_id=115) content-type: application/json
[id=2] [  0.719] recv (stream_id=115) accept: text/event-stream
[id=2] [  0.719] recv (stream_id=115) accept-encoding: identity
[id=2] [  0.719] recv (stream_id=115, sensitive) content-length: 82
[id=2] [  0.719] recv HEADERS frame <length=27, flags=0x04, stream_id=115>
          ; END_HEADERS
          (padlen=0)
          ; Open new stream
[id=2] [  0.719] recv DATA frame <length=82, flags=0x01, stream_id=115>
          ; END_STREAM
[id=2] [  0.719] send HEADERS frame <length=11, flags=0x04, stream_id=115>
          ; END_HEADERS
          (padlen=0)
          ; First response header
          :status: 200
          server: nghttpd nghttp2/1.70.0
          cache-control: max-age=3600
          date: Fri, 02 Oct 2026 00:48:12 GMT
          content-length: 47
          last-modified: Fri, 02 Oct 2026 00:48:11 GMT
          content-type: text/event-stream
[id=2] [  0.719] send DATA frame <length=47, flags=0x01, stream_id=115>
          ; END_STREAM
[id=2] [  0.719] stream_id=115 closed
[id=2] [  0.719] recv (stream_id=117) :method: POST
[id=2] [  0.719] recv (stream_id=117) :authority: 127.0.0.1:64194
[id=2] [  0.719] recv (stream_id=117) :path: /small.sse
[id=2] [  0.719] recv (stream_id=117) :scheme: https
[id=2] [  0.719] recv (stream_id=117, sensitive) x-fixture: fourth
[id=2] [  0.719] recv (stream_id=117) content-type: application/json
[id=2] [  0.719] recv (stream_id=117) accept: text/event-stream
[id=2] [  0.719] recv (stream_id=117) accept-encoding: identity
[id=2] [  0.719] recv (stream_id=117, sensitive) content-length: 82
[id=2] [  0.719] recv HEADERS frame <length=27, flags=0x04, stream_id=117>
          ; END_HEADERS
          (padlen=0)
          ; Open new stream
[id=2] [  0.719] recv DATA frame <length=82, flags=0x01, stream_id=117>
          ; END_STREAM
[id=2] [  0.719] send HEADERS frame <length=11, flags=0x04, stream_id=117>
          ; END_HEADERS
          (padlen=0)
          ; First response header
          :status: 200
          server: nghttpd nghttp2/1.70.0
          cache-control: max-age=3600
          date: Fri, 02 Oct 2026 00:48:12 GMT
          content-length: 47
          last-modified: Fri, 02 Oct 2026 00:48:11 GMT
          content-type: text/event-stream
[id=2] [  0.719] send DATA frame <length=47, flags=0x01, stream_id=117>
          ; END_STREAM
[id=2] [  0.719] stream_id=117 closed
[id=2] [  0.720] recv (stream_id=119) :method: POST
[id=2] [  0.720] recv (stream_id=119) :authority: 127.0.0.1:64194
[id=2] [  0.720] recv (stream_id=119) :path: /small.sse
[id=2] [  0.720] recv (stream_id=119) :scheme: https
[id=2] [  0.720] recv (stream_id=119, sensitive) x-fixture: fourth
[id=2] [  0.720] recv (stream_id=119) content-type: application/json
[id=2] [  0.720] recv (stream_id=119) accept: text/event-stream
[id=2] [  0.720] recv (stream_id=119) accept-encoding: identity
[id=2] [  0.720] recv (stream_id=119, sensitive) content-length: 82
[id=2] [  0.720] recv HEADERS frame <length=27, flags=0x04, stream_id=119>
          ; END_HEADERS
          (padlen=0)
          ; Open new stream
[id=2] [  0.720] recv DATA frame <length=82, flags=0x01, stream_id=119>
          ; END_STREAM
[id=2] [  0.720] send HEADERS frame <length=11, flags=0x04, stream_id=119>
          ; END_HEADERS
          (padlen=0)
          ; First response header
          :status: 200
          server: nghttpd nghttp2/1.70.0
          cache-control: max-age=3600
          date: Fri, 02 Oct 2026 00:48:12 GMT
          content-length: 47
          last-modified: Fri, 02 Oct 2026 00:48:11 GMT
          content-type: text/event-stream
[id=2] [  0.720] send DATA frame <length=47, flags=0x01, stream_id=119>
          ; END_STREAM
[id=2] [  0.720] stream_id=119 closed
[id=2] [  0.720] recv (stream_id=121) :method: POST
[id=2] [  0.720] recv (stream_id=121) :authority: 127.0.0.1:64194
[id=2] [  0.720] recv (stream_id=121) :path: /small.sse
[id=2] [  0.720] recv (stream_id=121) :scheme: https
[id=2] [  0.720] recv (stream_id=121, sensitive) x-fixture: fourth
[id=2] [  0.720] recv (stream_id=121) content-type: application/json
[id=2] [  0.720] recv (stream_id=121) accept: text/event-stream
[id=2] [  0.720] recv (stream_id=121) accept-encoding: identity
[id=2] [  0.720] recv (stream_id=121, sensitive) content-length: 82
[id=2] [  0.720] recv HEADERS frame <length=27, flags=0x04, stream_id=121>
          ; END_HEADERS
          (padlen=0)
          ; Open new stream
[id=2] [  0.720] recv DATA frame <length=82, flags=0x01, stream_id=121>
          ; END_STREAM
[id=2] [  0.720] send HEADERS frame <length=11, flags=0x04, stream_id=121>
          ; END_HEADERS
          (padlen=0)
          ; First response header
          :status: 200
          server: nghttpd nghttp2/1.70.0
          cache-control: max-age=3600
          date: Fri, 02 Oct 2026 00:48:12 GMT
          content-length: 47
          last-modified: Fri, 02 Oct 2026 00:48:11 GMT
          content-type: text/event-stream
[id=2] [  0.720] send DATA frame <length=47, flags=0x01, stream_id=121>
          ; END_STREAM
[id=2] [  0.720] stream_id=121 closed
[id=2] [  0.720] recv (stream_id=123) :method: POST
[id=2] [  0.720] recv (stream_id=123) :authority: 127.0.0.1:64194
[id=2] [  0.720] recv (stream_id=123) :path: /small.sse
[id=2] [  0.720] recv (stream_id=123) :scheme: https
[id=2] [  0.720] recv (stream_id=123, sensitive) x-fixture: fourth
[id=2] [  0.720] recv (stream_id=123) content-type: application/json
[id=2] [  0.720] recv (stream_id=123) accept: text/event-stream
[id=2] [  0.720] recv (stream_id=123) accept-encoding: identity
[id=2] [  0.720] recv (stream_id=123, sensitive) content-length: 82
[id=2] [  0.720] recv HEADERS frame <length=27, flags=0x04, stream_id=123>
          ; END_HEADERS
          (padlen=0)
          ; Open new stream
[id=2] [  0.720] recv DATA frame <length=82, flags=0x01, stream_id=123>
          ; END_STREAM
[id=2] [  0.720] send HEADERS frame <length=11, flags=0x04, stream_id=123>
          ; END_HEADERS
          (padlen=0)
          ; First response header
          :status: 200
          server: nghttpd nghttp2/1.70.0
          cache-control: max-age=3600
          date: Fri, 02 Oct 2026 00:48:12 GMT
          content-length: 47
          last-modified: Fri, 02 Oct 2026 00:48:11 GMT
          content-type: text/event-stream
[id=2] [  0.720] send DATA frame <length=47, flags=0x01, stream_id=123>
          ; END_STREAM
[id=2] [  0.720] stream_id=123 closed
[id=2] [  0.720] recv (stream_id=125) :method: POST
[id=2] [  0.720] recv (stream_id=125) :authority: 127.0.0.1:64194
[id=2] [  0.720] recv (stream_id=125) :path: /small.sse
[id=2] [  0.720] recv (stream_id=125) :scheme: https
[id=2] [  0.720] recv (stream_id=125, sensitive) x-fixture: fourth
[id=2] [  0.720] recv (stream_id=125) content-type: application/json
[id=2] [  0.720] recv (stream_id=125) accept: text/event-stream
[id=2] [  0.720] recv (stream_id=125) accept-encoding: identity
[id=2] [  0.720] recv (stream_id=125, sensitive) content-length: 82
[id=2] [  0.720] recv HEADERS frame <length=27, flags=0x04, stream_id=125>
          ; END_HEADERS
          (padlen=0)
          ; Open new stream
[id=2] [  0.720] recv DATA frame <length=82, flags=0x01, stream_id=125>
          ; END_STREAM
[id=2] [  0.720] send HEADERS frame <length=11, flags=0x04, stream_id=125>
          ; END_HEADERS
          (padlen=0)
          ; First response header
          :status: 200
          server: nghttpd nghttp2/1.70.0
          cache-control: max-age=3600
          date: Fri, 02 Oct 2026 00:48:12 GMT
          content-length: 47
          last-modified: Fri, 02 Oct 2026 00:48:11 GMT
          content-type: text/event-stream
[id=2] [  0.720] send DATA frame <length=47, flags=0x01, stream_id=125>
          ; END_STREAM
[id=2] [  0.720] stream_id=125 closed
[id=2] [  0.720] recv (stream_id=127) :method: POST
[id=2] [  0.720] recv (stream_id=127) :authority: 127.0.0.1:64194
[id=2] [  0.720] recv (stream_id=127) :path: /small.sse
[id=2] [  0.720] recv (stream_id=127) :scheme: https
[id=2] [  0.720] recv (stream_id=127, sensitive) x-fixture: fourth
[id=2] [  0.720] recv (stream_id=127) content-type: application/json
[id=2] [  0.720] recv (stream_id=127) accept: text/event-stream
[id=2] [  0.720] recv (stream_id=127) accept-encoding: identity
[id=2] [  0.720] recv (stream_id=127, sensitive) content-length: 82
[id=2] [  0.720] recv HEADERS frame <length=27, flags=0x04, stream_id=127>
          ; END_HEADERS
          (padlen=0)
          ; Open new stream
[id=2] [  0.720] recv DATA frame <length=82, flags=0x01, stream_id=127>
          ; END_STREAM
[id=2] [  0.720] send HEADERS frame <length=11, flags=0x04, stream_id=127>
          ; END_HEADERS
          (padlen=0)
          ; First response header
          :status: 200
          server: nghttpd nghttp2/1.70.0
          cache-control: max-age=3600
          date: Fri, 02 Oct 2026 00:48:12 GMT
          content-length: 47
          last-modified: Fri, 02 Oct 2026 00:48:11 GMT
          content-type: text/event-stream
[id=2] [  0.720] send DATA frame <length=47, flags=0x01, stream_id=127>
          ; END_STREAM
[id=2] [  0.720] stream_id=127 closed
[id=2] [  0.720] recv (stream_id=129) :method: POST
[id=2] [  0.720] recv (stream_id=129) :authority: 127.0.0.1:64194
[id=2] [  0.720] recv (stream_id=129) :path: /small.sse
[id=2] [  0.720] recv (stream_id=129) :scheme: https
[id=2] [  0.720] recv (stream_id=129, sensitive) x-fixture: fourth
[id=2] [  0.720] recv (stream_id=129) content-type: application/json
[id=2] [  0.720] recv (stream_id=129) accept: text/event-stream
[id=2] [  0.720] recv (stream_id=129) accept-encoding: identity
[id=2] [  0.720] recv (stream_id=129, sensitive) content-length: 82
[id=2] [  0.721] recv HEADERS frame <length=27, flags=0x04, stream_id=129>
          ; END_HEADERS
          (padlen=0)
          ; Open new stream
[id=2] [  0.721] recv DATA frame <length=82, flags=0x01, stream_id=129>
          ; END_STREAM
[id=2] [  0.721] send HEADERS frame <length=11, flags=0x04, stream_id=129>
          ; END_HEADERS
          (padlen=0)
          ; First response header
          :status: 200
          server: nghttpd nghttp2/1.70.0
          cache-control: max-age=3600
          date: Fri, 02 Oct 2026 00:48:12 GMT
          content-length: 47
          last-modified: Fri, 02 Oct 2026 00:48:11 GMT
          content-type: text/event-stream
[id=2] [  0.721] send DATA frame <length=47, flags=0x01, stream_id=129>
          ; END_STREAM
[id=2] [  0.721] stream_id=129 closed
[id=2] [  0.721] recv (stream_id=131) :method: POST
[id=2] [  0.721] recv (stream_id=131) :authority: 127.0.0.1:64194
[id=2] [  0.721] recv (stream_id=131) :path: /small.sse
[id=2] [  0.721] recv (stream_id=131) :scheme: https
[id=2] [  0.721] recv (stream_id=131, sensitive) x-fixture: fourth
[id=2] [  0.721] recv (stream_id=131) content-type: application/json
[id=2] [  0.721] recv (stream_id=131) accept: text/event-stream
[id=2] [  0.721] recv (stream_id=131) accept-encoding: identity
[id=2] [  0.721] recv (stream_id=131, sensitive) content-length: 82
[id=2] [  0.721] recv HEADERS frame <length=27, flags=0x04, stream_id=131>
          ; END_HEADERS
          (padlen=0)
          ; Open new stream
[id=2] [  0.721] recv DATA frame <length=82, flags=0x01, stream_id=131>
          ; END_STREAM
[id=2] [  0.721] send HEADERS frame <length=11, flags=0x04, stream_id=131>
          ; END_HEADERS
          (padlen=0)
          ; First response header
          :status: 200
          server: nghttpd nghttp2/1.70.0
          cache-control: max-age=3600
          date: Fri, 02 Oct 2026 00:48:12 GMT
          content-length: 47
          last-modified: Fri, 02 Oct 2026 00:48:11 GMT
          content-type: text/event-stream
[id=2] [  0.721] send DATA frame <length=47, flags=0x01, stream_id=131>
          ; END_STREAM
[id=2] [  0.721] stream_id=131 closed
[id=2] [  0.721] recv (stream_id=133) :method: POST
[id=2] [  0.721] recv (stream_id=133) :authority: 127.0.0.1:64194
[id=2] [  0.721] recv (stream_id=133) :path: /small.sse
[id=2] [  0.721] recv (stream_id=133) :scheme: https
[id=2] [  0.721] recv (stream_id=133, sensitive) x-fixture: fourth
[id=2] [  0.721] recv (stream_id=133) content-type: application/json
[id=2] [  0.721] recv (stream_id=133) accept: text/event-stream
[id=2] [  0.721] recv (stream_id=133) accept-encoding: identity
[id=2] [  0.721] recv (stream_id=133, sensitive) content-length: 82
[id=2] [  0.721] recv HEADERS frame <length=27, flags=0x04, stream_id=133>
          ; END_HEADERS
          (padlen=0)
          ; Open new stream
[id=2] [  0.721] recv DATA frame <length=82, flags=0x01, stream_id=133>
          ; END_STREAM
[id=2] [  0.721] send HEADERS frame <length=11, flags=0x04, stream_id=133>
          ; END_HEADERS
          (padlen=0)
          ; First response header
          :status: 200
          server: nghttpd nghttp2/1.70.0
          cache-control: max-age=3600
          date: Fri, 02 Oct 2026 00:48:12 GMT
          content-length: 47
          last-modified: Fri, 02 Oct 2026 00:48:11 GMT
          content-type: text/event-stream
[id=2] [  0.721] send DATA frame <length=47, flags=0x01, stream_id=133>
          ; END_STREAM
[id=2] [  0.721] stream_id=133 closed
[id=2] [  0.721] recv (stream_id=135) :method: POST
[id=2] [  0.721] recv (stream_id=135) :authority: 127.0.0.1:64194
[id=2] [  0.721] recv (stream_id=135) :path: /small.sse
[id=2] [  0.721] recv (stream_id=135) :scheme: https
[id=2] [  0.721] recv (stream_id=135, sensitive) x-fixture: fourth
[id=2] [  0.721] recv (stream_id=135) content-type: application/json
[id=2] [  0.721] recv (stream_id=135) accept: text/event-stream
[id=2] [  0.721] recv (stream_id=135) accept-encoding: identity
[id=2] [  0.721] recv (stream_id=135, sensitive) content-length: 82
[id=2] [  0.721] recv HEADERS frame <length=27, flags=0x04, stream_id=135>
          ; END_HEADERS
          (padlen=0)
          ; Open new stream
[id=2] [  0.721] recv DATA frame <length=82, flags=0x01, stream_id=135>
          ; END_STREAM
[id=2] [  0.721] send HEADERS frame <length=11, flags=0x04, stream_id=135>
          ; END_HEADERS
          (padlen=0)
          ; First response header
          :status: 200
          server: nghttpd nghttp2/1.70.0
          cache-control: max-age=3600
          date: Fri, 02 Oct 2026 00:48:12 GMT
          content-length: 47
          last-modified: Fri, 02 Oct 2026 00:48:11 GMT
          content-type: text/event-stream
[id=2] [  0.721] send DATA frame <length=47, flags=0x01, stream_id=135>
          ; END_STREAM
[id=2] [  0.721] stream_id=135 closed
[id=2] [  0.721] recv (stream_id=137) :method: POST
[id=2] [  0.721] recv (stream_id=137) :authority: 127.0.0.1:64194
[id=2] [  0.721] recv (stream_id=137) :path: /small.sse
[id=2] [  0.721] recv (stream_id=137) :scheme: https
[id=2] [  0.721] recv (stream_id=137, sensitive) x-fixture: fourth
[id=2] [  0.721] recv (stream_id=137) content-type: application/json
[id=2] [  0.721] recv (stream_id=137) accept: text/event-stream
[id=2] [  0.721] recv (stream_id=137) accept-encoding: identity
[id=2] [  0.721] recv (stream_id=137, sensitive) content-length: 82
[id=2] [  0.721] recv HEADERS frame <length=27, flags=0x04, stream_id=137>
          ; END_HEADERS
          (padlen=0)
          ; Open new stream
[id=2] [  0.721] recv DATA frame <length=82, flags=0x01, stream_id=137>
          ; END_STREAM
[id=2] [  0.721] send HEADERS frame <length=11, flags=0x04, stream_id=137>
          ; END_HEADERS
          (padlen=0)
          ; First response header
          :status: 200
          server: nghttpd nghttp2/1.70.0
          cache-control: max-age=3600
          date: Fri, 02 Oct 2026 00:48:12 GMT
          content-length: 47
          last-modified: Fri, 02 Oct 2026 00:48:11 GMT
          content-type: text/event-stream
[id=2] [  0.721] send DATA frame <length=47, flags=0x01, stream_id=137>
          ; END_STREAM
[id=2] [  0.721] stream_id=137 closed
[id=2] [  0.721] recv (stream_id=139) :method: POST
[id=2] [  0.721] recv (stream_id=139) :authority: 127.0.0.1:64194
[id=2] [  0.721] recv (stream_id=139) :path: /small.sse
[id=2] [  0.721] recv (stream_id=139) :scheme: https
[id=2] [  0.721] recv (stream_id=139, sensitive) x-fixture: fourth
[id=2] [  0.721] recv (stream_id=139) content-type: application/json
[id=2] [  0.721] recv (stream_id=139) accept: text/event-stream
[id=2] [  0.721] recv (stream_id=139) accept-encoding: identity
[id=2] [  0.721] recv (stream_id=139, sensitive) content-length: 82
[id=2] [  0.721] recv HEADERS frame <length=27, flags=0x04, stream_id=139>
          ; END_HEADERS
          (padlen=0)
          ; Open new stream
[id=2] [  0.721] recv DATA frame <length=82, flags=0x01, stream_id=139>
          ; END_STREAM
[id=2] [  0.721] send HEADERS frame <length=11, flags=0x04, stream_id=139>
          ; END_HEADERS
          (padlen=0)
          ; First response header
          :status: 200
          server: nghttpd nghttp2/1.70.0
          cache-control: max-age=3600
          date: Fri, 02 Oct 2026 00:48:12 GMT
          content-length: 47
          last-modified: Fri, 02 Oct 2026 00:48:11 GMT
          content-type: text/event-stream
[id=2] [  0.721] send DATA frame <length=47, flags=0x01, stream_id=139>
          ; END_STREAM
[id=2] [  0.721] stream_id=139 closed
[id=2] [  0.721] recv (stream_id=141) :method: POST
[id=2] [  0.721] recv (stream_id=141) :authority: 127.0.0.1:64194
[id=2] [  0.721] recv (stream_id=141) :path: /small.sse
[id=2] [  0.721] recv (stream_id=141) :scheme: https
[id=2] [  0.721] recv (stream_id=141, sensitive) x-fixture: fourth
[id=2] [  0.721] recv (stream_id=141) content-type: application/json
[id=2] [  0.721] recv (stream_id=141) accept: text/event-stream
[id=2] [  0.721] recv (stream_id=141) accept-encoding: identity
[id=2] [  0.721] recv (stream_id=141, sensitive) content-length: 82
[id=2] [  0.721] recv HEADERS frame <length=27, flags=0x04, stream_id=141>
          ; END_HEADERS
          (padlen=0)
          ; Open new stream
[id=2] [  0.721] recv DATA frame <length=82, flags=0x01, stream_id=141>
          ; END_STREAM
[id=2] [  0.721] send HEADERS frame <length=11, flags=0x04, stream_id=141>
          ; END_HEADERS
          (padlen=0)
          ; First response header
          :status: 200
          server: nghttpd nghttp2/1.70.0
          cache-control: max-age=3600
          date: Fri, 02 Oct 2026 00:48:12 GMT
          content-length: 47
          last-modified: Fri, 02 Oct 2026 00:48:11 GMT
          content-type: text/event-stream
[id=2] [  0.721] send DATA frame <length=47, flags=0x01, stream_id=141>
          ; END_STREAM
[id=2] [  0.721] stream_id=141 closed
[id=2] [  0.722] recv (stream_id=143) :method: POST
[id=2] [  0.722] recv (stream_id=143) :authority: 127.0.0.1:64194
[id=2] [  0.722] recv (stream_id=143) :path: /small.sse
[id=2] [  0.722] recv (stream_id=143) :scheme: https
[id=2] [  0.722] recv (stream_id=143, sensitive) x-fixture: fourth
[id=2] [  0.722] recv (stream_id=143) content-type: application/json
[id=2] [  0.722] recv (stream_id=143) accept: text/event-stream
[id=2] [  0.722] recv (stream_id=143) accept-encoding: identity
[id=2] [  0.722] recv (stream_id=143, sensitive) content-length: 82
[id=2] [  0.722] recv HEADERS frame <length=27, flags=0x04, stream_id=143>
          ; END_HEADERS
          (padlen=0)
          ; Open new stream
[id=2] [  0.722] recv DATA frame <length=82, flags=0x01, stream_id=143>
          ; END_STREAM
[id=2] [  0.722] send HEADERS frame <length=11, flags=0x04, stream_id=143>
          ; END_HEADERS
          (padlen=0)
          ; First response header
          :status: 200
          server: nghttpd nghttp2/1.70.0
          cache-control: max-age=3600
          date: Fri, 02 Oct 2026 00:48:12 GMT
          content-length: 47
          last-modified: Fri, 02 Oct 2026 00:48:11 GMT
          content-type: text/event-stream
[id=2] [  0.722] send DATA frame <length=47, flags=0x01, stream_id=143>
          ; END_STREAM
[id=2] [  0.722] stream_id=143 closed
[id=2] [  0.722] recv (stream_id=145) :method: POST
[id=2] [  0.722] recv (stream_id=145) :authority: 127.0.0.1:64194
[id=2] [  0.722] recv (stream_id=145) :path: /small.sse
[id=2] [  0.722] recv (stream_id=145) :scheme: https
[id=2] [  0.722] recv (stream_id=145, sensitive) x-fixture: fourth
[id=2] [  0.722] recv (stream_id=145) content-type: application/json
[id=2] [  0.722] recv (stream_id=145) accept: text/event-stream
[id=2] [  0.722] recv (stream_id=145) accept-encoding: identity
[id=2] [  0.722] recv (stream_id=145, sensitive) content-length: 82
[id=2] [  0.722] recv HEADERS frame <length=27, flags=0x04, stream_id=145>
          ; END_HEADERS
          (padlen=0)
          ; Open new stream
[id=2] [  0.722] recv DATA frame <length=82, flags=0x01, stream_id=145>
          ; END_STREAM
[id=2] [  0.722] send HEADERS frame <length=11, flags=0x04, stream_id=145>
          ; END_HEADERS
          (padlen=0)
          ; First response header
          :status: 200
          server: nghttpd nghttp2/1.70.0
          cache-control: max-age=3600
          date: Fri, 02 Oct 2026 00:48:12 GMT
          content-length: 47
          last-modified: Fri, 02 Oct 2026 00:48:11 GMT
          content-type: text/event-stream
[id=2] [  0.722] send DATA frame <length=47, flags=0x01, stream_id=145>
          ; END_STREAM
[id=2] [  0.722] stream_id=145 closed
[id=2] [  0.722] recv (stream_id=147) :method: POST
[id=2] [  0.722] recv (stream_id=147) :authority: 127.0.0.1:64194
[id=2] [  0.722] recv (stream_id=147) :path: /small.sse
[id=2] [  0.722] recv (stream_id=147) :scheme: https
[id=2] [  0.722] recv (stream_id=147, sensitive) x-fixture: fourth
[id=2] [  0.722] recv (stream_id=147) content-type: application/json
[id=2] [  0.722] recv (stream_id=147) accept: text/event-stream
[id=2] [  0.722] recv (stream_id=147) accept-encoding: identity
[id=2] [  0.722] recv (stream_id=147, sensitive) content-length: 82
[id=2] [  0.722] recv HEADERS frame <length=27, flags=0x04, stream_id=147>
          ; END_HEADERS
          (padlen=0)
          ; Open new stream
[id=2] [  0.722] recv DATA frame <length=82, flags=0x01, stream_id=147>
          ; END_STREAM
[id=2] [  0.722] send HEADERS frame <length=11, flags=0x04, stream_id=147>
          ; END_HEADERS
          (padlen=0)
          ; First response header
          :status: 200
          server: nghttpd nghttp2/1.70.0
          cache-control: max-age=3600
          date: Fri, 02 Oct 2026 00:48:12 GMT
          content-length: 47
          last-modified: Fri, 02 Oct 2026 00:48:11 GMT
          content-type: text/event-stream
[id=2] [  0.722] send DATA frame <length=47, flags=0x01, stream_id=147>
          ; END_STREAM
[id=2] [  0.722] stream_id=147 closed
[id=2] [  0.722] recv (stream_id=149) :method: POST
[id=2] [  0.722] recv (stream_id=149) :authority: 127.0.0.1:64194
[id=2] [  0.722] recv (stream_id=149) :path: /small.sse
[id=2] [  0.722] recv (stream_id=149) :scheme: https
[id=2] [  0.722] recv (stream_id=149, sensitive) x-fixture: fourth
[id=2] [  0.722] recv (stream_id=149) content-type: application/json
[id=2] [  0.722] recv (stream_id=149) accept: text/event-stream
[id=2] [  0.722] recv (stream_id=149) accept-encoding: identity
[id=2] [  0.722] recv (stream_id=149, sensitive) content-length: 82
[id=2] [  0.722] recv HEADERS frame <length=27, flags=0x04, stream_id=149>
          ; END_HEADERS
          (padlen=0)
          ; Open new stream
[id=2] [  0.722] recv DATA frame <length=82, flags=0x01, stream_id=149>
          ; END_STREAM
[id=2] [  0.722] send HEADERS frame <length=11, flags=0x04, stream_id=149>
          ; END_HEADERS
          (padlen=0)
          ; First response header
          :status: 200
          server: nghttpd nghttp2/1.70.0
          cache-control: max-age=3600
          date: Fri, 02 Oct 2026 00:48:12 GMT
          content-length: 47
          last-modified: Fri, 02 Oct 2026 00:48:11 GMT
          content-type: text/event-stream
[id=2] [  0.722] send DATA frame <length=47, flags=0x01, stream_id=149>
          ; END_STREAM
[id=2] [  0.722] stream_id=149 closed
[id=2] [  0.722] recv (stream_id=151) :method: POST
[id=2] [  0.722] recv (stream_id=151) :authority: 127.0.0.1:64194
[id=2] [  0.722] recv (stream_id=151) :path: /small.sse
[id=2] [  0.722] recv (stream_id=151) :scheme: https
[id=2] [  0.722] recv (stream_id=151, sensitive) x-fixture: fourth
[id=2] [  0.722] recv (stream_id=151) content-type: application/json
[id=2] [  0.722] recv (stream_id=151) accept: text/event-stream
[id=2] [  0.722] recv (stream_id=151) accept-encoding: identity
[id=2] [  0.722] recv (stream_id=151, sensitive) content-length: 82
[id=2] [  0.722] recv HEADERS frame <length=27, flags=0x04, stream_id=151>
          ; END_HEADERS
          (padlen=0)
          ; Open new stream
[id=2] [  0.722] recv DATA frame <length=82, flags=0x01, stream_id=151>
          ; END_STREAM
[id=2] [  0.722] send HEADERS frame <length=11, flags=0x04, stream_id=151>
          ; END_HEADERS
          (padlen=0)
          ; First response header
          :status: 200
          server: nghttpd nghttp2/1.70.0
          cache-control: max-age=3600
          date: Fri, 02 Oct 2026 00:48:12 GMT
          content-length: 47
          last-modified: Fri, 02 Oct 2026 00:48:11 GMT
          content-type: text/event-stream
[id=2] [  0.722] send DATA frame <length=47, flags=0x01, stream_id=151>
          ; END_STREAM
[id=2] [  0.722] stream_id=151 closed
[id=2] [  0.722] recv (stream_id=153) :method: POST
[id=2] [  0.722] recv (stream_id=153) :authority: 127.0.0.1:64194
[id=2] [  0.722] recv (stream_id=153) :path: /small.sse
[id=2] [  0.722] recv (stream_id=153) :scheme: https
[id=2] [  0.722] recv (stream_id=153, sensitive) x-fixture: fourth
[id=2] [  0.722] recv (stream_id=153) content-type: application/json
[id=2] [  0.722] recv (stream_id=153) accept: text/event-stream
[id=2] [  0.722] recv (stream_id=153) accept-encoding: identity
[id=2] [  0.722] recv (stream_id=153, sensitive) content-length: 82
[id=2] [  0.722] recv HEADERS frame <length=27, flags=0x04, stream_id=153>
          ; END_HEADERS
          (padlen=0)
          ; Open new stream
[id=2] [  0.722] recv DATA frame <length=82, flags=0x01, stream_id=153>
          ; END_STREAM
[id=2] [  0.722] send HEADERS frame <length=11, flags=0x04, stream_id=153>
          ; END_HEADERS
          (padlen=0)
          ; First response header
          :status: 200
          server: nghttpd nghttp2/1.70.0
          cache-control: max-age=3600
          date: Fri, 02 Oct 2026 00:48:12 GMT
          content-length: 47
          last-modified: Fri, 02 Oct 2026 00:48:11 GMT
          content-type: text/event-stream
[id=2] [  0.722] send DATA frame <length=47, flags=0x01, stream_id=153>
          ; END_STREAM
[id=2] [  0.722] stream_id=153 closed
[id=2] [  0.722] recv (stream_id=155) :method: POST
[id=2] [  0.722] recv (stream_id=155) :authority: 127.0.0.1:64194
[id=2] [  0.722] recv (stream_id=155) :path: /small.sse
[id=2] [  0.722] recv (stream_id=155) :scheme: https
[id=2] [  0.722] recv (stream_id=155, sensitive) x-fixture: fourth
[id=2] [  0.722] recv (stream_id=155) content-type: application/json
[id=2] [  0.722] recv (stream_id=155) accept: text/event-stream
[id=2] [  0.722] recv (stream_id=155) accept-encoding: identity
[id=2] [  0.722] recv (stream_id=155, sensitive) content-length: 82
[id=2] [  0.722] recv HEADERS frame <length=27, flags=0x04, stream_id=155>
          ; END_HEADERS
          (padlen=0)
          ; Open new stream
[id=2] [  0.722] recv DATA frame <length=82, flags=0x01, stream_id=155>
          ; END_STREAM
[id=2] [  0.722] send HEADERS frame <length=11, flags=0x04, stream_id=155>
          ; END_HEADERS
          (padlen=0)
          ; First response header
          :status: 200
          server: nghttpd nghttp2/1.70.0
          cache-control: max-age=3600
          date: Fri, 02 Oct 2026 00:48:12 GMT
          content-length: 47
          last-modified: Fri, 02 Oct 2026 00:48:11 GMT
          content-type: text/event-stream
[id=2] [  0.722] send DATA frame <length=47, flags=0x01, stream_id=155>
          ; END_STREAM
[id=2] [  0.722] stream_id=155 closed
[id=2] [  0.722] recv (stream_id=157) :method: POST
[id=2] [  0.722] recv (stream_id=157) :authority: 127.0.0.1:64194
[id=2] [  0.722] recv (stream_id=157) :path: /small.sse
[id=2] [  0.722] recv (stream_id=157) :scheme: https
[id=2] [  0.722] recv (stream_id=157, sensitive) x-fixture: fourth
[id=2] [  0.722] recv (stream_id=157) content-type: application/json
[id=2] [  0.722] recv (stream_id=157) accept: text/event-stream
[id=2] [  0.722] recv (stream_id=157) accept-encoding: identity
[id=2] [  0.722] recv (stream_id=157, sensitive) content-length: 82
[id=2] [  0.722] recv HEADERS frame <length=27, flags=0x04, stream_id=157>
          ; END_HEADERS
          (padlen=0)
          ; Open new stream
[id=2] [  0.723] recv DATA frame <length=82, flags=0x01, stream_id=157>
          ; END_STREAM
[id=2] [  0.723] send HEADERS frame <length=11, flags=0x04, stream_id=157>
          ; END_HEADERS
          (padlen=0)
          ; First response header
          :status: 200
          server: nghttpd nghttp2/1.70.0
          cache-control: max-age=3600
          date: Fri, 02 Oct 2026 00:48:12 GMT
          content-length: 47
          last-modified: Fri, 02 Oct 2026 00:48:11 GMT
          content-type: text/event-stream
[id=2] [  0.723] send DATA frame <length=47, flags=0x01, stream_id=157>
          ; END_STREAM
[id=2] [  0.723] stream_id=157 closed
[id=2] [  0.723] recv (stream_id=159) :method: POST
[id=2] [  0.723] recv (stream_id=159) :authority: 127.0.0.1:64194
[id=2] [  0.723] recv (stream_id=159) :path: /small.sse
[id=2] [  0.723] recv (stream_id=159) :scheme: https
[id=2] [  0.723] recv (stream_id=159, sensitive) x-fixture: fourth
[id=2] [  0.723] recv (stream_id=159) content-type: application/json
[id=2] [  0.723] recv (stream_id=159) accept: text/event-stream
[id=2] [  0.723] recv (stream_id=159) accept-encoding: identity
[id=2] [  0.723] recv (stream_id=159, sensitive) content-length: 82
[id=2] [  0.723] recv HEADERS frame <length=27, flags=0x04, stream_id=159>
          ; END_HEADERS
          (padlen=0)
          ; Open new stream
[id=2] [  0.723] recv DATA frame <length=82, flags=0x01, stream_id=159>
          ; END_STREAM
[id=2] [  0.723] send HEADERS frame <length=11, flags=0x04, stream_id=159>
          ; END_HEADERS
          (padlen=0)
          ; First response header
          :status: 200
          server: nghttpd nghttp2/1.70.0
          cache-control: max-age=3600
          date: Fri, 02 Oct 2026 00:48:12 GMT
          content-length: 47
          last-modified: Fri, 02 Oct 2026 00:48:11 GMT
          content-type: text/event-stream
[id=2] [  0.723] send DATA frame <length=47, flags=0x01, stream_id=159>
          ; END_STREAM
[id=2] [  0.723] stream_id=159 closed
[id=2] [  0.723] recv (stream_id=161) :method: POST
[id=2] [  0.723] recv (stream_id=161) :authority: 127.0.0.1:64194
[id=2] [  0.723] recv (stream_id=161) :path: /small.sse
[id=2] [  0.723] recv (stream_id=161) :scheme: https
[id=2] [  0.723] recv (stream_id=161, sensitive) x-fixture: fourth
[id=2] [  0.723] recv (stream_id=161) content-type: application/json
[id=2] [  0.723] recv (stream_id=161) accept: text/event-stream
[id=2] [  0.723] recv (stream_id=161) accept-encoding: identity
[id=2] [  0.723] recv (stream_id=161, sensitive) content-length: 82
[id=2] [  0.723] recv HEADERS frame <length=27, flags=0x04, stream_id=161>
          ; END_HEADERS
          (padlen=0)
          ; Open new stream
[id=2] [  0.723] recv DATA frame <length=82, flags=0x01, stream_id=161>
          ; END_STREAM
[id=2] [  0.723] send HEADERS frame <length=11, flags=0x04, stream_id=161>
          ; END_HEADERS
          (padlen=0)
          ; First response header
          :status: 200
          server: nghttpd nghttp2/1.70.0
          cache-control: max-age=3600
          date: Fri, 02 Oct 2026 00:48:12 GMT
          content-length: 47
          last-modified: Fri, 02 Oct 2026 00:48:11 GMT
          content-type: text/event-stream
[id=2] [  0.723] send DATA frame <length=47, flags=0x01, stream_id=161>
          ; END_STREAM
[id=2] [  0.723] stream_id=161 closed
[id=2] [  0.723] recv (stream_id=163) :method: POST
[id=2] [  0.723] recv (stream_id=163) :authority: 127.0.0.1:64194
[id=2] [  0.723] recv (stream_id=163) :path: /small.sse
[id=2] [  0.723] recv (stream_id=163) :scheme: https
[id=2] [  0.723] recv (stream_id=163, sensitive) x-fixture: fourth
[id=2] [  0.723] recv (stream_id=163) content-type: application/json
[id=2] [  0.723] recv (stream_id=163) accept: text/event-stream
[id=2] [  0.723] recv (stream_id=163) accept-encoding: identity
[id=2] [  0.723] recv (stream_id=163, sensitive) content-length: 82
[id=2] [  0.723] recv HEADERS frame <length=27, flags=0x04, stream_id=163>
          ; END_HEADERS
          (padlen=0)
          ; Open new stream
[id=2] [  0.723] recv DATA frame <length=82, flags=0x01, stream_id=163>
          ; END_STREAM
[id=2] [  0.723] send HEADERS frame <length=11, flags=0x04, stream_id=163>
          ; END_HEADERS
          (padlen=0)
          ; First response header
          :status: 200
          server: nghttpd nghttp2/1.70.0
          cache-control: max-age=3600
          date: Fri, 02 Oct 2026 00:48:12 GMT
          content-length: 47
          last-modified: Fri, 02 Oct 2026 00:48:11 GMT
          content-type: text/event-stream
[id=2] [  0.723] send DATA frame <length=47, flags=0x01, stream_id=163>
          ; END_STREAM
[id=2] [  0.723] stream_id=163 closed
[id=2] [  0.723] recv (stream_id=165) :method: POST
[id=2] [  0.723] recv (stream_id=165) :authority: 127.0.0.1:64194
[id=2] [  0.723] recv (stream_id=165) :path: /small.sse
[id=2] [  0.723] recv (stream_id=165) :scheme: https
[id=2] [  0.723] recv (stream_id=165, sensitive) x-fixture: fourth
[id=2] [  0.723] recv (stream_id=165) content-type: application/json
[id=2] [  0.723] recv (stream_id=165) accept: text/event-stream
[id=2] [  0.723] recv (stream_id=165) accept-encoding: identity
[id=2] [  0.723] recv (stream_id=165, sensitive) content-length: 82
[id=2] [  0.723] recv HEADERS frame <length=27, flags=0x04, stream_id=165>
          ; END_HEADERS
          (padlen=0)
          ; Open new stream
[id=2] [  0.723] recv DATA frame <length=82, flags=0x01, stream_id=165>
          ; END_STREAM
[id=2] [  0.723] send HEADERS frame <length=11, flags=0x04, stream_id=165>
          ; END_HEADERS
          (padlen=0)
          ; First response header
          :status: 200
          server: nghttpd nghttp2/1.70.0
          cache-control: max-age=3600
          date: Fri, 02 Oct 2026 00:48:12 GMT
          content-length: 47
          last-modified: Fri, 02 Oct 2026 00:48:11 GMT
          content-type: text/event-stream
[id=2] [  0.723] send DATA frame <length=47, flags=0x01, stream_id=165>
          ; END_STREAM
[id=2] [  0.723] stream_id=165 closed
[id=2] [  0.723] recv (stream_id=167) :method: POST
[id=2] [  0.723] recv (stream_id=167) :authority: 127.0.0.1:64194
[id=2] [  0.723] recv (stream_id=167) :path: /small.sse
[id=2] [  0.723] recv (stream_id=167) :scheme: https
[id=2] [  0.723] recv (stream_id=167, sensitive) x-fixture: fourth
[id=2] [  0.723] recv (stream_id=167) content-type: application/json
[id=2] [  0.723] recv (stream_id=167) accept: text/event-stream
[id=2] [  0.723] recv (stream_id=167) accept-encoding: identity
[id=2] [  0.723] recv (stream_id=167, sensitive) content-length: 82
[id=2] [  0.723] recv HEADERS frame <length=27, flags=0x04, stream_id=167>
          ; END_HEADERS
          (padlen=0)
          ; Open new stream
[id=2] [  0.723] recv DATA frame <length=82, flags=0x01, stream_id=167>
          ; END_STREAM
[id=2] [  0.723] send HEADERS frame <length=11, flags=0x04, stream_id=167>
          ; END_HEADERS
          (padlen=0)
          ; First response header
          :status: 200
          server: nghttpd nghttp2/1.70.0
          cache-control: max-age=3600
          date: Fri, 02 Oct 2026 00:48:12 GMT
          content-length: 47
          last-modified: Fri, 02 Oct 2026 00:48:11 GMT
          content-type: text/event-stream
[id=2] [  0.723] send DATA frame <length=47, flags=0x01, stream_id=167>
          ; END_STREAM
[id=2] [  0.723] stream_id=167 closed
[id=2] [  0.723] recv (stream_id=169) :method: POST
[id=2] [  0.723] recv (stream_id=169) :authority: 127.0.0.1:64194
[id=2] [  0.723] recv (stream_id=169) :path: /small.sse
[id=2] [  0.723] recv (stream_id=169) :scheme: https
[id=2] [  0.723] recv (stream_id=169, sensitive) x-fixture: fourth
[id=2] [  0.723] recv (stream_id=169) content-type: application/json
[id=2] [  0.723] recv (stream_id=169) accept: text/event-stream
[id=2] [  0.723] recv (stream_id=169) accept-encoding: identity
[id=2] [  0.723] recv (stream_id=169, sensitive) content-length: 82
[id=2] [  0.723] recv HEADERS frame <length=27, flags=0x04, stream_id=169>
          ; END_HEADERS
          (padlen=0)
          ; Open new stream
[id=2] [  0.723] recv DATA frame <length=82, flags=0x01, stream_id=169>
          ; END_STREAM
[id=2] [  0.723] send HEADERS frame <length=11, flags=0x04, stream_id=169>
          ; END_HEADERS
          (padlen=0)
          ; First response header
          :status: 200
          server: nghttpd nghttp2/1.70.0
          cache-control: max-age=3600
          date: Fri, 02 Oct 2026 00:48:12 GMT
          content-length: 47
          last-modified: Fri, 02 Oct 2026 00:48:11 GMT
          content-type: text/event-stream
[id=2] [  0.723] send DATA frame <length=47, flags=0x01, stream_id=169>
          ; END_STREAM
[id=2] [  0.723] stream_id=169 closed
[id=2] [  0.723] recv (stream_id=171) :method: POST
[id=2] [  0.723] recv (stream_id=171) :authority: 127.0.0.1:64194
[id=2] [  0.723] recv (stream_id=171) :path: /small.sse
[id=2] [  0.723] recv (stream_id=171) :scheme: https
[id=2] [  0.723] recv (stream_id=171, sensitive) x-fixture: fourth
[id=2] [  0.723] recv (stream_id=171) content-type: application/json
[id=2] [  0.723] recv (stream_id=171) accept: text/event-stream
[id=2] [  0.723] recv (stream_id=171) accept-encoding: identity
[id=2] [  0.723] recv (stream_id=171, sensitive) content-length: 82
[id=2] [  0.723] recv HEADERS frame <length=27, flags=0x04, stream_id=171>
          ; END_HEADERS
          (padlen=0)
          ; Open new stream
[id=2] [  0.723] recv DATA frame <length=82, flags=0x01, stream_id=171>
          ; END_STREAM
[id=2] [  0.723] send HEADERS frame <length=11, flags=0x04, stream_id=171>
          ; END_HEADERS
          (padlen=0)
          ; First response header
          :status: 200
          server: nghttpd nghttp2/1.70.0
          cache-control: max-age=3600
          date: Fri, 02 Oct 2026 00:48:12 GMT
          content-length: 47
          last-modified: Fri, 02 Oct 2026 00:48:11 GMT
          content-type: text/event-stream
[id=2] [  0.723] send DATA frame <length=47, flags=0x01, stream_id=171>
          ; END_STREAM
[id=2] [  0.723] stream_id=171 closed
[id=2] [  0.724] recv (stream_id=173) :method: POST
[id=2] [  0.724] recv (stream_id=173) :authority: 127.0.0.1:64194
[id=2] [  0.724] recv (stream_id=173) :path: /small.sse
[id=2] [  0.724] recv (stream_id=173) :scheme: https
[id=2] [  0.724] recv (stream_id=173, sensitive) x-fixture: fourth
[id=2] [  0.724] recv (stream_id=173) content-type: application/json
[id=2] [  0.724] recv (stream_id=173) accept: text/event-stream
[id=2] [  0.724] recv (stream_id=173) accept-encoding: identity
[id=2] [  0.724] recv (stream_id=173, sensitive) content-length: 82
[id=2] [  0.724] recv HEADERS frame <length=27, flags=0x04, stream_id=173>
          ; END_HEADERS
          (padlen=0)
          ; Open new stream
[id=2] [  0.724] recv DATA frame <length=82, flags=0x01, stream_id=173>
          ; END_STREAM
[id=2] [  0.724] send HEADERS frame <length=11, flags=0x04, stream_id=173>
          ; END_HEADERS
          (padlen=0)
          ; First response header
          :status: 200
          server: nghttpd nghttp2/1.70.0
          cache-control: max-age=3600
          date: Fri, 02 Oct 2026 00:48:12 GMT
          content-length: 47
          last-modified: Fri, 02 Oct 2026 00:48:11 GMT
          content-type: text/event-stream
[id=2] [  0.724] send DATA frame <length=47, flags=0x01, stream_id=173>
          ; END_STREAM
[id=2] [  0.724] stream_id=173 closed
[id=2] [  0.724] recv (stream_id=175) :method: POST
[id=2] [  0.724] recv (stream_id=175) :authority: 127.0.0.1:64194
[id=2] [  0.724] recv (stream_id=175) :path: /small.sse
[id=2] [  0.724] recv (stream_id=175) :scheme: https
[id=2] [  0.724] recv (stream_id=175, sensitive) x-fixture: fourth
[id=2] [  0.724] recv (stream_id=175) content-type: application/json
[id=2] [  0.724] recv (stream_id=175) accept: text/event-stream
[id=2] [  0.724] recv (stream_id=175) accept-encoding: identity
[id=2] [  0.724] recv (stream_id=175, sensitive) content-length: 82
[id=2] [  0.724] recv HEADERS frame <length=27, flags=0x04, stream_id=175>
          ; END_HEADERS
          (padlen=0)
          ; Open new stream
[id=2] [  0.724] recv DATA frame <length=82, flags=0x01, stream_id=175>
          ; END_STREAM
[id=2] [  0.724] send HEADERS frame <length=11, flags=0x04, stream_id=175>
          ; END_HEADERS
          (padlen=0)
          ; First response header
          :status: 200
          server: nghttpd nghttp2/1.70.0
          cache-control: max-age=3600
          date: Fri, 02 Oct 2026 00:48:12 GMT
          content-length: 47
          last-modified: Fri, 02 Oct 2026 00:48:11 GMT
          content-type: text/event-stream
[id=2] [  0.724] send DATA frame <length=47, flags=0x01, stream_id=175>
          ; END_STREAM
[id=2] [  0.724] stream_id=175 closed
[id=2] [  0.724] recv (stream_id=177) :method: POST
[id=2] [  0.724] recv (stream_id=177) :authority: 127.0.0.1:64194
[id=2] [  0.724] recv (stream_id=177) :path: /small.sse
[id=2] [  0.724] recv (stream_id=177) :scheme: https
[id=2] [  0.724] recv (stream_id=177, sensitive) x-fixture: fourth
[id=2] [  0.724] recv (stream_id=177) content-type: application/json
[id=2] [  0.724] recv (stream_id=177) accept: text/event-stream
[id=2] [  0.724] recv (stream_id=177) accept-encoding: identity
[id=2] [  0.724] recv (stream_id=177, sensitive) content-length: 82
[id=2] [  0.724] recv HEADERS frame <length=27, flags=0x04, stream_id=177>
          ; END_HEADERS
          (padlen=0)
          ; Open new stream
[id=2] [  0.724] recv DATA frame <length=82, flags=0x01, stream_id=177>
          ; END_STREAM
[id=2] [  0.724] send HEADERS frame <length=11, flags=0x04, stream_id=177>
          ; END_HEADERS
          (padlen=0)
          ; First response header
          :status: 200
          server: nghttpd nghttp2/1.70.0
          cache-control: max-age=3600
          date: Fri, 02 Oct 2026 00:48:12 GMT
          content-length: 47
          last-modified: Fri, 02 Oct 2026 00:48:11 GMT
          content-type: text/event-stream
[id=2] [  0.724] send DATA frame <length=47, flags=0x01, stream_id=177>
          ; END_STREAM
[id=2] [  0.724] stream_id=177 closed
[id=2] [  0.724] recv (stream_id=179) :method: POST
[id=2] [  0.724] recv (stream_id=179) :authority: 127.0.0.1:64194
[id=2] [  0.724] recv (stream_id=179) :path: /small.sse
[id=2] [  0.724] recv (stream_id=179) :scheme: https
[id=2] [  0.724] recv (stream_id=179, sensitive) x-fixture: fourth
[id=2] [  0.724] recv (stream_id=179) content-type: application/json
[id=2] [  0.724] recv (stream_id=179) accept: text/event-stream
[id=2] [  0.724] recv (stream_id=179) accept-encoding: identity
[id=2] [  0.724] recv (stream_id=179, sensitive) content-length: 82
[id=2] [  0.724] recv HEADERS frame <length=27, flags=0x04, stream_id=179>
          ; END_HEADERS
          (padlen=0)
          ; Open new stream
[id=2] [  0.724] recv DATA frame <length=82, flags=0x01, stream_id=179>
          ; END_STREAM
[id=2] [  0.724] send HEADERS frame <length=11, flags=0x04, stream_id=179>
          ; END_HEADERS
          (padlen=0)
          ; First response header
          :status: 200
          server: nghttpd nghttp2/1.70.0
          cache-control: max-age=3600
          date: Fri, 02 Oct 2026 00:48:12 GMT
          content-length: 47
          last-modified: Fri, 02 Oct 2026 00:48:11 GMT
          content-type: text/event-stream
[id=2] [  0.724] send DATA frame <length=47, flags=0x01, stream_id=179>
          ; END_STREAM
[id=2] [  0.724] stream_id=179 closed
[id=2] [  0.724] recv (stream_id=181) :method: POST
[id=2] [  0.724] recv (stream_id=181) :authority: 127.0.0.1:64194
[id=2] [  0.724] recv (stream_id=181) :path: /small.sse
[id=2] [  0.724] recv (stream_id=181) :scheme: https
[id=2] [  0.724] recv (stream_id=181, sensitive) x-fixture: fourth
[id=2] [  0.724] recv (stream_id=181) content-type: application/json
[id=2] [  0.724] recv (stream_id=181) accept: text/event-stream
[id=2] [  0.724] recv (stream_id=181) accept-encoding: identity
[id=2] [  0.724] recv (stream_id=181, sensitive) content-length: 82
[id=2] [  0.724] recv HEADERS frame <length=27, flags=0x04, stream_id=181>
          ; END_HEADERS
          (padlen=0)
          ; Open new stream
[id=2] [  0.724] recv DATA frame <length=82, flags=0x01, stream_id=181>
          ; END_STREAM
[id=2] [  0.724] send HEADERS frame <length=11, flags=0x04, stream_id=181>
          ; END_HEADERS
          (padlen=0)
          ; First response header
          :status: 200
          server: nghttpd nghttp2/1.70.0
          cache-control: max-age=3600
          date: Fri, 02 Oct 2026 00:48:12 GMT
          content-length: 47
          last-modified: Fri, 02 Oct 2026 00:48:11 GMT
          content-type: text/event-stream
[id=2] [  0.724] send DATA frame <length=47, flags=0x01, stream_id=181>
          ; END_STREAM
[id=2] [  0.724] stream_id=181 closed
[id=2] [  0.724] recv (stream_id=183) :method: POST
[id=2] [  0.724] recv (stream_id=183) :authority: 127.0.0.1:64194
[id=2] [  0.724] recv (stream_id=183) :path: /small.sse
[id=2] [  0.724] recv (stream_id=183) :scheme: https
[id=2] [  0.724] recv (stream_id=183, sensitive) x-fixture: fourth
[id=2] [  0.724] recv (stream_id=183) content-type: application/json
[id=2] [  0.724] recv (stream_id=183) accept: text/event-stream
[id=2] [  0.724] recv (stream_id=183) accept-encoding: identity
[id=2] [  0.724] recv (stream_id=183, sensitive) content-length: 82
[id=2] [  0.724] recv HEADERS frame <length=27, flags=0x04, stream_id=183>
          ; END_HEADERS
          (padlen=0)
          ; Open new stream
[id=2] [  0.724] recv DATA frame <length=82, flags=0x01, stream_id=183>
          ; END_STREAM
[id=2] [  0.724] send HEADERS frame <length=11, flags=0x04, stream_id=183>
          ; END_HEADERS
          (padlen=0)
          ; First response header
          :status: 200
          server: nghttpd nghttp2/1.70.0
          cache-control: max-age=3600
          date: Fri, 02 Oct 2026 00:48:12 GMT
          content-length: 47
          last-modified: Fri, 02 Oct 2026 00:48:11 GMT
          content-type: text/event-stream
[id=2] [  0.724] send DATA frame <length=47, flags=0x01, stream_id=183>
          ; END_STREAM
[id=2] [  0.724] stream_id=183 closed
[id=2] [  0.724] recv (stream_id=185) :method: POST
[id=2] [  0.724] recv (stream_id=185) :authority: 127.0.0.1:64194
[id=2] [  0.724] recv (stream_id=185) :path: /small.sse
[id=2] [  0.724] recv (stream_id=185) :scheme: https
[id=2] [  0.724] recv (stream_id=185, sensitive) x-fixture: fourth
[id=2] [  0.724] recv (stream_id=185) content-type: application/json
[id=2] [  0.724] recv (stream_id=185) accept: text/event-stream
[id=2] [  0.724] recv (stream_id=185) accept-encoding: identity
[id=2] [  0.724] recv (stream_id=185, sensitive) content-length: 82
[id=2] [  0.724] recv HEADERS frame <length=27, flags=0x04, stream_id=185>
          ; END_HEADERS
          (padlen=0)
          ; Open new stream
[id=2] [  0.724] recv DATA frame <length=82, flags=0x01, stream_id=185>
          ; END_STREAM
[id=2] [  0.724] send HEADERS frame <length=11, flags=0x04, stream_id=185>
          ; END_HEADERS
          (padlen=0)
          ; First response header
          :status: 200
          server: nghttpd nghttp2/1.70.0
          cache-control: max-age=3600
          date: Fri, 02 Oct 2026 00:48:12 GMT
          content-length: 47
          last-modified: Fri, 02 Oct 2026 00:48:11 GMT
          content-type: text/event-stream
[id=2] [  0.724] send DATA frame <length=47, flags=0x01, stream_id=185>
          ; END_STREAM
[id=2] [  0.724] stream_id=185 closed
[id=2] [  0.724] recv (stream_id=187) :method: POST
[id=2] [  0.724] recv (stream_id=187) :authority: 127.0.0.1:64194
[id=2] [  0.724] recv (stream_id=187) :path: /small.sse
[id=2] [  0.724] recv (stream_id=187) :scheme: https
[id=2] [  0.724] recv (stream_id=187, sensitive) x-fixture: fourth
[id=2] [  0.724] recv (stream_id=187) content-type: application/json
[id=2] [  0.724] recv (stream_id=187) accept: text/event-stream
[id=2] [  0.724] recv (stream_id=187) accept-encoding: identity
[id=2] [  0.724] recv (stream_id=187, sensitive) content-length: 82
[id=2] [  0.724] recv HEADERS frame <length=27, flags=0x04, stream_id=187>
          ; END_HEADERS
          (padlen=0)
          ; Open new stream
[id=2] [  0.724] recv DATA frame <length=82, flags=0x01, stream_id=187>
          ; END_STREAM
[id=2] [  0.724] send HEADERS frame <length=11, flags=0x04, stream_id=187>
          ; END_HEADERS
          (padlen=0)
          ; First response header
          :status: 200
          server: nghttpd nghttp2/1.70.0
          cache-control: max-age=3600
          date: Fri, 02 Oct 2026 00:48:12 GMT
          content-length: 47
          last-modified: Fri, 02 Oct 2026 00:48:11 GMT
          content-type: text/event-stream
[id=2] [  0.724] send DATA frame <length=47, flags=0x01, stream_id=187>
          ; END_STREAM
[id=2] [  0.724] stream_id=187 closed
[id=2] [  0.724] recv (stream_id=189) :method: POST
[id=2] [  0.724] recv (stream_id=189) :authority: 127.0.0.1:64194
[id=2] [  0.724] recv (stream_id=189) :path: /small.sse
[id=2] [  0.724] recv (stream_id=189) :scheme: https
[id=2] [  0.724] recv (stream_id=189, sensitive) x-fixture: fourth
[id=2] [  0.724] recv (stream_id=189) content-type: application/json
[id=2] [  0.724] recv (stream_id=189) accept: text/event-stream
[id=2] [  0.724] recv (stream_id=189) accept-encoding: identity
[id=2] [  0.724] recv (stream_id=189, sensitive) content-length: 82
[id=2] [  0.724] recv HEADERS frame <length=27, flags=0x04, stream_id=189>
          ; END_HEADERS
          (padlen=0)
          ; Open new stream
[id=2] [  0.724] recv DATA frame <length=82, flags=0x01, stream_id=189>
          ; END_STREAM
[id=2] [  0.724] send HEADERS frame <length=11, flags=0x04, stream_id=189>
          ; END_HEADERS
          (padlen=0)
          ; First response header
          :status: 200
          server: nghttpd nghttp2/1.70.0
          cache-control: max-age=3600
          date: Fri, 02 Oct 2026 00:48:12 GMT
          content-length: 47
          last-modified: Fri, 02 Oct 2026 00:48:11 GMT
          content-type: text/event-stream
[id=2] [  0.724] send DATA frame <length=47, flags=0x01, stream_id=189>
          ; END_STREAM
[id=2] [  0.724] stream_id=189 closed
[id=2] [  0.725] recv (stream_id=191) :method: POST
[id=2] [  0.725] recv (stream_id=191) :authority: 127.0.0.1:64194
[id=2] [  0.725] recv (stream_id=191) :path: /small.sse
[id=2] [  0.725] recv (stream_id=191) :scheme: https
[id=2] [  0.725] recv (stream_id=191, sensitive) x-fixture: fourth
[id=2] [  0.725] recv (stream_id=191) content-type: application/json
[id=2] [  0.725] recv (stream_id=191) accept: text/event-stream
[id=2] [  0.725] recv (stream_id=191) accept-encoding: identity
[id=2] [  0.725] recv (stream_id=191, sensitive) content-length: 82
[id=2] [  0.725] recv HEADERS frame <length=27, flags=0x04, stream_id=191>
          ; END_HEADERS
          (padlen=0)
          ; Open new stream
[id=2] [  0.725] recv DATA frame <length=82, flags=0x01, stream_id=191>
          ; END_STREAM
[id=2] [  0.725] send HEADERS frame <length=11, flags=0x04, stream_id=191>
          ; END_HEADERS
          (padlen=0)
          ; First response header
          :status: 200
          server: nghttpd nghttp2/1.70.0
          cache-control: max-age=3600
          date: Fri, 02 Oct 2026 00:48:12 GMT
          content-length: 47
          last-modified: Fri, 02 Oct 2026 00:48:11 GMT
          content-type: text/event-stream
[id=2] [  0.725] send DATA frame <length=47, flags=0x01, stream_id=191>
          ; END_STREAM
[id=2] [  0.725] stream_id=191 closed
[id=2] [  0.725] recv (stream_id=193) :method: POST
[id=2] [  0.725] recv (stream_id=193) :authority: 127.0.0.1:64194
[id=2] [  0.725] recv (stream_id=193) :path: /small.sse
[id=2] [  0.725] recv (stream_id=193) :scheme: https
[id=2] [  0.725] recv (stream_id=193, sensitive) x-fixture: fourth
[id=2] [  0.725] recv (stream_id=193) content-type: application/json
[id=2] [  0.725] recv (stream_id=193) accept: text/event-stream
[id=2] [  0.725] recv (stream_id=193) accept-encoding: identity
[id=2] [  0.725] recv (stream_id=193, sensitive) content-length: 82
[id=2] [  0.725] recv HEADERS frame <length=27, flags=0x04, stream_id=193>
          ; END_HEADERS
          (padlen=0)
          ; Open new stream
[id=2] [  0.725] recv DATA frame <length=82, flags=0x01, stream_id=193>
          ; END_STREAM
[id=2] [  0.725] send HEADERS frame <length=11, flags=0x04, stream_id=193>
          ; END_HEADERS
          (padlen=0)
          ; First response header
          :status: 200
          server: nghttpd nghttp2/1.70.0
          cache-control: max-age=3600
          date: Fri, 02 Oct 2026 00:48:12 GMT
          content-length: 47
          last-modified: Fri, 02 Oct 2026 00:48:11 GMT
          content-type: text/event-stream
[id=2] [  0.725] send DATA frame <length=47, flags=0x01, stream_id=193>
          ; END_STREAM
[id=2] [  0.725] stream_id=193 closed
[id=2] [  0.725] recv (stream_id=195) :method: POST
[id=2] [  0.725] recv (stream_id=195) :authority: 127.0.0.1:64194
[id=2] [  0.725] recv (stream_id=195) :path: /small.sse
[id=2] [  0.725] recv (stream_id=195) :scheme: https
[id=2] [  0.725] recv (stream_id=195, sensitive) x-fixture: fourth
[id=2] [  0.725] recv (stream_id=195) content-type: application/json
[id=2] [  0.725] recv (stream_id=195) accept: text/event-stream
[id=2] [  0.725] recv (stream_id=195) accept-encoding: identity
[id=2] [  0.725] recv (stream_id=195, sensitive) content-length: 82
[id=2] [  0.725] recv HEADERS frame <length=27, flags=0x04, stream_id=195>
          ; END_HEADERS
          (padlen=0)
          ; Open new stream
[id=2] [  0.725] recv DATA frame <length=82, flags=0x01, stream_id=195>
          ; END_STREAM
[id=2] [  0.725] send HEADERS frame <length=11, flags=0x04, stream_id=195>
          ; END_HEADERS
          (padlen=0)
          ; First response header
          :status: 200
          server: nghttpd nghttp2/1.70.0
          cache-control: max-age=3600
          date: Fri, 02 Oct 2026 00:48:12 GMT
          content-length: 47
          last-modified: Fri, 02 Oct 2026 00:48:11 GMT
          content-type: text/event-stream
[id=2] [  0.725] send DATA frame <length=47, flags=0x01, stream_id=195>
          ; END_STREAM
[id=2] [  0.725] stream_id=195 closed
[id=2] [  0.725] recv (stream_id=197) :method: POST
[id=2] [  0.725] recv (stream_id=197) :authority: 127.0.0.1:64194
[id=2] [  0.725] recv (stream_id=197) :path: /small.sse
[id=2] [  0.725] recv (stream_id=197) :scheme: https
[id=2] [  0.725] recv (stream_id=197, sensitive) x-fixture: fourth
[id=2] [  0.725] recv (stream_id=197) content-type: application/json
[id=2] [  0.725] recv (stream_id=197) accept: text/event-stream
[id=2] [  0.725] recv (stream_id=197) accept-encoding: identity
[id=2] [  0.725] recv (stream_id=197, sensitive) content-length: 82
[id=2] [  0.725] recv HEADERS frame <length=27, flags=0x04, stream_id=197>
          ; END_HEADERS
          (padlen=0)
          ; Open new stream
[id=2] [  0.725] recv DATA frame <length=82, flags=0x01, stream_id=197>
          ; END_STREAM
[id=2] [  0.725] send HEADERS frame <length=11, flags=0x04, stream_id=197>
          ; END_HEADERS
          (padlen=0)
          ; First response header
          :status: 200
          server: nghttpd nghttp2/1.70.0
          cache-control: max-age=3600
          date: Fri, 02 Oct 2026 00:48:12 GMT
          content-length: 47
          last-modified: Fri, 02 Oct 2026 00:48:11 GMT
          content-type: text/event-stream
[id=2] [  0.725] send DATA frame <length=47, flags=0x01, stream_id=197>
          ; END_STREAM
[id=2] [  0.725] stream_id=197 closed
[id=2] [  0.725] recv (stream_id=199) :method: POST
[id=2] [  0.725] recv (stream_id=199) :authority: 127.0.0.1:64194
[id=2] [  0.725] recv (stream_id=199) :path: /small.sse
[id=2] [  0.725] recv (stream_id=199) :scheme: https
[id=2] [  0.725] recv (stream_id=199, sensitive) x-fixture: fourth
[id=2] [  0.725] recv (stream_id=199) content-type: application/json
[id=2] [  0.725] recv (stream_id=199) accept: text/event-stream
[id=2] [  0.725] recv (stream_id=199) accept-encoding: identity
[id=2] [  0.725] recv (stream_id=199, sensitive) content-length: 82
[id=2] [  0.725] recv HEADERS frame <length=27, flags=0x04, stream_id=199>
          ; END_HEADERS
          (padlen=0)
          ; Open new stream
[id=2] [  0.725] recv DATA frame <length=82, flags=0x01, stream_id=199>
          ; END_STREAM
[id=2] [  0.725] send HEADERS frame <length=11, flags=0x04, stream_id=199>
          ; END_HEADERS
          (padlen=0)
          ; First response header
          :status: 200
          server: nghttpd nghttp2/1.70.0
          cache-control: max-age=3600
          date: Fri, 02 Oct 2026 00:48:12 GMT
          content-length: 47
          last-modified: Fri, 02 Oct 2026 00:48:11 GMT
          content-type: text/event-stream
[id=2] [  0.725] send DATA frame <length=47, flags=0x01, stream_id=199>
          ; END_STREAM
[id=2] [  0.725] stream_id=199 closed
[id=2] [  0.725] recv (stream_id=201) :method: POST
[id=2] [  0.725] recv (stream_id=201) :authority: 127.0.0.1:64194
[id=2] [  0.725] recv (stream_id=201) :path: /small.sse
[id=2] [  0.725] recv (stream_id=201) :scheme: https
[id=2] [  0.725] recv (stream_id=201, sensitive) x-fixture: fourth
[id=2] [  0.725] recv (stream_id=201) content-type: application/json
[id=2] [  0.725] recv (stream_id=201) accept: text/event-stream
[id=2] [  0.725] recv (stream_id=201) accept-encoding: identity
[id=2] [  0.725] recv (stream_id=201, sensitive) content-length: 82
[id=2] [  0.725] recv HEADERS frame <length=27, flags=0x04, stream_id=201>
          ; END_HEADERS
          (padlen=0)
          ; Open new stream
[id=2] [  0.725] recv DATA frame <length=82, flags=0x01, stream_id=201>
          ; END_STREAM
[id=2] [  0.725] send HEADERS frame <length=11, flags=0x04, stream_id=201>
          ; END_HEADERS
          (padlen=0)
          ; First response header
          :status: 200
          server: nghttpd nghttp2/1.70.0
          cache-control: max-age=3600
          date: Fri, 02 Oct 2026 00:48:12 GMT
          content-length: 47
          last-modified: Fri, 02 Oct 2026 00:48:11 GMT
          content-type: text/event-stream
[id=2] [  0.725] send DATA frame <length=47, flags=0x01, stream_id=201>
          ; END_STREAM
[id=2] [  0.725] stream_id=201 closed
[id=2] [  0.725] recv (stream_id=203) :method: POST
[id=2] [  0.725] recv (stream_id=203) :authority: 127.0.0.1:64194
[id=2] [  0.725] recv (stream_id=203) :path: /small.sse
[id=2] [  0.725] recv (stream_id=203) :scheme: https
[id=2] [  0.725] recv (stream_id=203, sensitive) x-fixture: fourth
[id=2] [  0.725] recv (stream_id=203) content-type: application/json
[id=2] [  0.725] recv (stream_id=203) accept: text/event-stream
[id=2] [  0.725] recv (stream_id=203) accept-encoding: identity
[id=2] [  0.725] recv (stream_id=203, sensitive) content-length: 82
[id=2] [  0.725] recv HEADERS frame <length=27, flags=0x04, stream_id=203>
          ; END_HEADERS
          (padlen=0)
          ; Open new stream
[id=2] [  0.725] recv DATA frame <length=82, flags=0x01, stream_id=203>
          ; END_STREAM
[id=2] [  0.725] send HEADERS frame <length=11, flags=0x04, stream_id=203>
          ; END_HEADERS
          (padlen=0)
          ; First response header
          :status: 200
          server: nghttpd nghttp2/1.70.0
          cache-control: max-age=3600
          date: Fri, 02 Oct 2026 00:48:12 GMT
          content-length: 47
          last-modified: Fri, 02 Oct 2026 00:48:11 GMT
          content-type: text/event-stream
[id=2] [  0.725] send DATA frame <length=47, flags=0x01, stream_id=203>
          ; END_STREAM
[id=2] [  0.725] stream_id=203 closed
[id=2] [  0.725] recv (stream_id=205) :method: POST
[id=2] [  0.725] recv (stream_id=205) :authority: 127.0.0.1:64194
[id=2] [  0.725] recv (stream_id=205) :path: /small.sse
[id=2] [  0.725] recv (stream_id=205) :scheme: https
[id=2] [  0.725] recv (stream_id=205, sensitive) x-fixture: fourth
[id=2] [  0.725] recv (stream_id=205) content-type: application/json
[id=2] [  0.725] recv (stream_id=205) accept: text/event-stream
[id=2] [  0.725] recv (stream_id=205) accept-encoding: identity
[id=2] [  0.725] recv (stream_id=205, sensitive) content-length: 82
[id=2] [  0.725] recv HEADERS frame <length=27, flags=0x04, stream_id=205>
          ; END_HEADERS
          (padlen=0)
          ; Open new stream
[id=2] [  0.725] recv DATA frame <length=82, flags=0x01, stream_id=205>
          ; END_STREAM
[id=2] [  0.725] send HEADERS frame <length=11, flags=0x04, stream_id=205>
          ; END_HEADERS
          (padlen=0)
          ; First response header
          :status: 200
          server: nghttpd nghttp2/1.70.0
          cache-control: max-age=3600
          date: Fri, 02 Oct 2026 00:48:12 GMT
          content-length: 47
          last-modified: Fri, 02 Oct 2026 00:48:11 GMT
          content-type: text/event-stream
[id=2] [  0.725] send DATA frame <length=47, flags=0x01, stream_id=205>
          ; END_STREAM
[id=2] [  0.725] stream_id=205 closed
[id=2] [  0.725] recv (stream_id=207) :method: POST
[id=2] [  0.725] recv (stream_id=207) :authority: 127.0.0.1:64194
[id=2] [  0.725] recv (stream_id=207) :path: /small.sse
[id=2] [  0.725] recv (stream_id=207) :scheme: https
[id=2] [  0.725] recv (stream_id=207, sensitive) x-fixture: fourth
[id=2] [  0.725] recv (stream_id=207) content-type: application/json
[id=2] [  0.725] recv (stream_id=207) accept: text/event-stream
[id=2] [  0.725] recv (stream_id=207) accept-encoding: identity
[id=2] [  0.725] recv (stream_id=207, sensitive) content-length: 82
[id=2] [  0.725] recv HEADERS frame <length=27, flags=0x04, stream_id=207>
          ; END_HEADERS
          (padlen=0)
          ; Open new stream
[id=2] [  0.725] recv DATA frame <length=82, flags=0x01, stream_id=207>
          ; END_STREAM
[id=2] [  0.725] send HEADERS frame <length=11, flags=0x04, stream_id=207>
          ; END_HEADERS
          (padlen=0)
          ; First response header
          :status: 200
          server: nghttpd nghttp2/1.70.0
          cache-control: max-age=3600
          date: Fri, 02 Oct 2026 00:48:12 GMT
          content-length: 47
          last-modified: Fri, 02 Oct 2026 00:48:11 GMT
          content-type: text/event-stream
[id=2] [  0.725] send DATA frame <length=47, flags=0x01, stream_id=207>
          ; END_STREAM
[id=2] [  0.725] stream_id=207 closed
[id=2] [  0.725] recv (stream_id=209) :method: POST
[id=2] [  0.725] recv (stream_id=209) :authority: 127.0.0.1:64194
[id=2] [  0.725] recv (stream_id=209) :path: /small.sse
[id=2] [  0.725] recv (stream_id=209) :scheme: https
[id=2] [  0.725] recv (stream_id=209, sensitive) x-fixture: fourth
[id=2] [  0.725] recv (stream_id=209) content-type: application/json
[id=2] [  0.725] recv (stream_id=209) accept: text/event-stream
[id=2] [  0.725] recv (stream_id=209) accept-encoding: identity
[id=2] [  0.725] recv (stream_id=209, sensitive) content-length: 82
[id=2] [  0.725] recv HEADERS frame <length=27, flags=0x04, stream_id=209>
          ; END_HEADERS
          (padlen=0)
          ; Open new stream
[id=2] [  0.725] recv DATA frame <length=82, flags=0x01, stream_id=209>
          ; END_STREAM
[id=2] [  0.725] send HEADERS frame <length=11, flags=0x04, stream_id=209>
          ; END_HEADERS
          (padlen=0)
          ; First response header
          :status: 200
          server: nghttpd nghttp2/1.70.0
          cache-control: max-age=3600
          date: Fri, 02 Oct 2026 00:48:12 GMT
          content-length: 47
          last-modified: Fri, 02 Oct 2026 00:48:11 GMT
          content-type: text/event-stream
[id=2] [  0.725] send DATA frame <length=47, flags=0x01, stream_id=209>
          ; END_STREAM
[id=2] [  0.725] stream_id=209 closed
[id=2] [  0.726] recv (stream_id=211) :method: POST
[id=2] [  0.726] recv (stream_id=211) :authority: 127.0.0.1:64194
[id=2] [  0.726] recv (stream_id=211) :path: /small.sse
[id=2] [  0.726] recv (stream_id=211) :scheme: https
[id=2] [  0.726] recv (stream_id=211, sensitive) x-fixture: fourth
[id=2] [  0.726] recv (stream_id=211) content-type: application/json
[id=2] [  0.726] recv (stream_id=211) accept: text/event-stream
[id=2] [  0.726] recv (stream_id=211) accept-encoding: identity
[id=2] [  0.726] recv (stream_id=211, sensitive) content-length: 82
[id=2] [  0.726] recv HEADERS frame <length=27, flags=0x04, stream_id=211>
          ; END_HEADERS
          (padlen=0)
          ; Open new stream
[id=2] [  0.726] recv DATA frame <length=82, flags=0x01, stream_id=211>
          ; END_STREAM
[id=2] [  0.726] send HEADERS frame <length=11, flags=0x04, stream_id=211>
          ; END_HEADERS
          (padlen=0)
          ; First response header
          :status: 200
          server: nghttpd nghttp2/1.70.0
          cache-control: max-age=3600
          date: Fri, 02 Oct 2026 00:48:12 GMT
          content-length: 47
          last-modified: Fri, 02 Oct 2026 00:48:11 GMT
          content-type: text/event-stream
[id=2] [  0.726] send DATA frame <length=47, flags=0x01, stream_id=211>
          ; END_STREAM
[id=2] [  0.726] stream_id=211 closed
[id=2] [  0.726] recv (stream_id=213) :method: POST
[id=2] [  0.726] recv (stream_id=213) :authority: 127.0.0.1:64194
[id=2] [  0.726] recv (stream_id=213) :path: /small.sse
[id=2] [  0.726] recv (stream_id=213) :scheme: https
[id=2] [  0.726] recv (stream_id=213, sensitive) x-fixture: fourth
[id=2] [  0.726] recv (stream_id=213) content-type: application/json
[id=2] [  0.726] recv (stream_id=213) accept: text/event-stream
[id=2] [  0.726] recv (stream_id=213) accept-encoding: identity
[id=2] [  0.726] recv (stream_id=213, sensitive) content-length: 82
[id=2] [  0.726] recv HEADERS frame <length=27, flags=0x04, stream_id=213>
          ; END_HEADERS
          (padlen=0)
          ; Open new stream
[id=2] [  0.726] recv DATA frame <length=82, flags=0x01, stream_id=213>
          ; END_STREAM
[id=2] [  0.726] send HEADERS frame <length=11, flags=0x04, stream_id=213>
          ; END_HEADERS
          (padlen=0)
          ; First response header
          :status: 200
          server: nghttpd nghttp2/1.70.0
          cache-control: max-age=3600
          date: Fri, 02 Oct 2026 00:48:12 GMT
          content-length: 47
          last-modified: Fri, 02 Oct 2026 00:48:11 GMT
          content-type: text/event-stream
[id=2] [  0.726] send DATA frame <length=47, flags=0x01, stream_id=213>
          ; END_STREAM
[id=2] [  0.726] stream_id=213 closed
[id=2] [  0.726] recv (stream_id=215) :method: POST
[id=2] [  0.726] recv (stream_id=215) :authority: 127.0.0.1:64194
[id=2] [  0.726] recv (stream_id=215) :path: /small.sse
[id=2] [  0.726] recv (stream_id=215) :scheme: https
[id=2] [  0.726] recv (stream_id=215, sensitive) x-fixture: fourth
[id=2] [  0.726] recv (stream_id=215) content-type: application/json
[id=2] [  0.726] recv (stream_id=215) accept: text/event-stream
[id=2] [  0.726] recv (stream_id=215) accept-encoding: identity
[id=2] [  0.726] recv (stream_id=215, sensitive) content-length: 82
[id=2] [  0.726] recv HEADERS frame <length=27, flags=0x04, stream_id=215>
          ; END_HEADERS
          (padlen=0)
          ; Open new stream
[id=2] [  0.726] recv DATA frame <length=82, flags=0x01, stream_id=215>
          ; END_STREAM
[id=2] [  0.726] send HEADERS frame <length=11, flags=0x04, stream_id=215>
          ; END_HEADERS
          (padlen=0)
          ; First response header
          :status: 200
          server: nghttpd nghttp2/1.70.0
          cache-control: max-age=3600
          date: Fri, 02 Oct 2026 00:48:12 GMT
          content-length: 47
          last-modified: Fri, 02 Oct 2026 00:48:11 GMT
          content-type: text/event-stream
[id=2] [  0.726] send DATA frame <length=47, flags=0x01, stream_id=215>
          ; END_STREAM
[id=2] [  0.726] stream_id=215 closed
[id=2] [  0.726] recv (stream_id=217) :method: POST
[id=2] [  0.726] recv (stream_id=217) :authority: 127.0.0.1:64194
[id=2] [  0.726] recv (stream_id=217) :path: /small.sse
[id=2] [  0.726] recv (stream_id=217) :scheme: https
[id=2] [  0.726] recv (stream_id=217, sensitive) x-fixture: fourth
[id=2] [  0.726] recv (stream_id=217) content-type: application/json
[id=2] [  0.726] recv (stream_id=217) accept: text/event-stream
[id=2] [  0.726] recv (stream_id=217) accept-encoding: identity
[id=2] [  0.726] recv (stream_id=217, sensitive) content-length: 82
[id=2] [  0.726] recv HEADERS frame <length=27, flags=0x04, stream_id=217>
          ; END_HEADERS
          (padlen=0)
          ; Open new stream
[id=2] [  0.726] recv DATA frame <length=82, flags=0x01, stream_id=217>
          ; END_STREAM
[id=2] [  0.726] send HEADERS frame <length=11, flags=0x04, stream_id=217>
          ; END_HEADERS
          (padlen=0)
          ; First response header
          :status: 200
          server: nghttpd nghttp2/1.70.0
          cache-control: max-age=3600
          date: Fri, 02 Oct 2026 00:48:12 GMT
          content-length: 47
          last-modified: Fri, 02 Oct 2026 00:48:11 GMT
          content-type: text/event-stream
[id=2] [  0.726] send DATA frame <length=47, flags=0x01, stream_id=217>
          ; END_STREAM
[id=2] [  0.726] stream_id=217 closed
[id=2] [  0.726] recv (stream_id=219) :method: POST
[id=2] [  0.726] recv (stream_id=219) :authority: 127.0.0.1:64194
[id=2] [  0.726] recv (stream_id=219) :path: /small.sse
[id=2] [  0.726] recv (stream_id=219) :scheme: https
[id=2] [  0.726] recv (stream_id=219, sensitive) x-fixture: fourth
[id=2] [  0.726] recv (stream_id=219) content-type: application/json
[id=2] [  0.726] recv (stream_id=219) accept: text/event-stream
[id=2] [  0.726] recv (stream_id=219) accept-encoding: identity
[id=2] [  0.726] recv (stream_id=219, sensitive) content-length: 82
[id=2] [  0.726] recv HEADERS frame <length=27, flags=0x04, stream_id=219>
          ; END_HEADERS
          (padlen=0)
          ; Open new stream
[id=2] [  0.726] recv DATA frame <length=82, flags=0x01, stream_id=219>
          ; END_STREAM
[id=2] [  0.726] send HEADERS frame <length=11, flags=0x04, stream_id=219>
          ; END_HEADERS
          (padlen=0)
          ; First response header
          :status: 200
          server: nghttpd nghttp2/1.70.0
          cache-control: max-age=3600
          date: Fri, 02 Oct 2026 00:48:12 GMT
          content-length: 47
          last-modified: Fri, 02 Oct 2026 00:48:11 GMT
          content-type: text/event-stream
[id=2] [  0.726] send DATA frame <length=47, flags=0x01, stream_id=219>
          ; END_STREAM
[id=2] [  0.726] stream_id=219 closed
[id=2] [  0.726] recv (stream_id=221) :method: POST
[id=2] [  0.726] recv (stream_id=221) :authority: 127.0.0.1:64194
[id=2] [  0.726] recv (stream_id=221) :path: /small.sse
[id=2] [  0.726] recv (stream_id=221) :scheme: https
[id=2] [  0.726] recv (stream_id=221, sensitive) x-fixture: fourth
[id=2] [  0.726] recv (stream_id=221) content-type: application/json
[id=2] [  0.726] recv (stream_id=221) accept: text/event-stream
[id=2] [  0.726] recv (stream_id=221) accept-encoding: identity
[id=2] [  0.726] recv (stream_id=221, sensitive) content-length: 82
[id=2] [  0.726] recv HEADERS frame <length=27, flags=0x04, stream_id=221>
          ; END_HEADERS
          (padlen=0)
          ; Open new stream
[id=2] [  0.726] recv DATA frame <length=82, flags=0x01, stream_id=221>
          ; END_STREAM
[id=2] [  0.726] send HEADERS frame <length=11, flags=0x04, stream_id=221>
          ; END_HEADERS
          (padlen=0)
          ; First response header
          :status: 200
          server: nghttpd nghttp2/1.70.0
          cache-control: max-age=3600
          date: Fri, 02 Oct 2026 00:48:12 GMT
          content-length: 47
          last-modified: Fri, 02 Oct 2026 00:48:11 GMT
          content-type: text/event-stream
[id=2] [  0.726] send DATA frame <length=47, flags=0x01, stream_id=221>
          ; END_STREAM
[id=2] [  0.726] stream_id=221 closed
[id=2] [  0.726] recv (stream_id=223) :method: POST
[id=2] [  0.726] recv (stream_id=223) :authority: 127.0.0.1:64194
[id=2] [  0.726] recv (stream_id=223) :path: /small.sse
[id=2] [  0.726] recv (stream_id=223) :scheme: https
[id=2] [  0.726] recv (stream_id=223, sensitive) x-fixture: fourth
[id=2] [  0.726] recv (stream_id=223) content-type: application/json
[id=2] [  0.726] recv (stream_id=223) accept: text/event-stream
[id=2] [  0.726] recv (stream_id=223) accept-encoding: identity
[id=2] [  0.726] recv (stream_id=223, sensitive) content-length: 82
[id=2] [  0.726] recv HEADERS frame <length=27, flags=0x04, stream_id=223>
          ; END_HEADERS
          (padlen=0)
          ; Open new stream
[id=2] [  0.726] recv DATA frame <length=82, flags=0x01, stream_id=223>
          ; END_STREAM
[id=2] [  0.726] send HEADERS frame <length=11, flags=0x04, stream_id=223>
          ; END_HEADERS
          (padlen=0)
          ; First response header
          :status: 200
          server: nghttpd nghttp2/1.70.0
          cache-control: max-age=3600
          date: Fri, 02 Oct 2026 00:48:12 GMT
          content-length: 47
          last-modified: Fri, 02 Oct 2026 00:48:11 GMT
          content-type: text/event-stream
[id=2] [  0.726] send DATA frame <length=47, flags=0x01, stream_id=223>
          ; END_STREAM
[id=2] [  0.726] stream_id=223 closed
[id=2] [  0.726] recv (stream_id=225) :method: POST
[id=2] [  0.726] recv (stream_id=225) :authority: 127.0.0.1:64194
[id=2] [  0.727] recv (stream_id=225) :path: /small.sse
[id=2] [  0.727] recv (stream_id=225) :scheme: https
[id=2] [  0.727] recv (stream_id=225, sensitive) x-fixture: fourth
[id=2] [  0.727] recv (stream_id=225) content-type: application/json
[id=2] [  0.727] recv (stream_id=225) accept: text/event-stream
[id=2] [  0.727] recv (stream_id=225) accept-encoding: identity
[id=2] [  0.727] recv (stream_id=225, sensitive) content-length: 82
[id=2] [  0.727] recv HEADERS frame <length=27, flags=0x04, stream_id=225>
          ; END_HEADERS
          (padlen=0)
          ; Open new stream
[id=2] [  0.727] recv DATA frame <length=82, flags=0x01, stream_id=225>
          ; END_STREAM
[id=2] [  0.727] send HEADERS frame <length=11, flags=0x04, stream_id=225>
          ; END_HEADERS
          (padlen=0)
          ; First response header
          :status: 200
          server: nghttpd nghttp2/1.70.0
          cache-control: max-age=3600
          date: Fri, 02 Oct 2026 00:48:12 GMT
          content-length: 47
          last-modified: Fri, 02 Oct 2026 00:48:11 GMT
          content-type: text/event-stream
[id=2] [  0.727] send DATA frame <length=47, flags=0x01, stream_id=225>
          ; END_STREAM
[id=2] [  0.727] stream_id=225 closed
[id=2] [  0.727] recv (stream_id=227) :method: POST
[id=2] [  0.727] recv (stream_id=227) :authority: 127.0.0.1:64194
[id=2] [  0.727] recv (stream_id=227) :path: /small.sse
[id=2] [  0.727] recv (stream_id=227) :scheme: https
[id=2] [  0.727] recv (stream_id=227, sensitive) x-fixture: fourth
[id=2] [  0.727] recv (stream_id=227) content-type: application/json
[id=2] [  0.727] recv (stream_id=227) accept: text/event-stream
[id=2] [  0.727] recv (stream_id=227) accept-encoding: identity
[id=2] [  0.727] recv (stream_id=227, sensitive) content-length: 82
[id=2] [  0.727] recv HEADERS frame <length=27, flags=0x04, stream_id=227>
          ; END_HEADERS
          (padlen=0)
          ; Open new stream
[id=2] [  0.727] recv DATA frame <length=82, flags=0x01, stream_id=227>
          ; END_STREAM
[id=2] [  0.727] send HEADERS frame <length=11, flags=0x04, stream_id=227>
          ; END_HEADERS
          (padlen=0)
          ; First response header
          :status: 200
          server: nghttpd nghttp2/1.70.0
          cache-control: max-age=3600
          date: Fri, 02 Oct 2026 00:48:12 GMT
          content-length: 47
          last-modified: Fri, 02 Oct 2026 00:48:11 GMT
          content-type: text/event-stream
[id=2] [  0.727] send DATA frame <length=47, flags=0x01, stream_id=227>
          ; END_STREAM
[id=2] [  0.727] stream_id=227 closed
[id=2] [  0.727] recv (stream_id=229) :method: POST
[id=2] [  0.727] recv (stream_id=229) :authority: 127.0.0.1:64194
[id=2] [  0.727] recv (stream_id=229) :path: /small.sse
[id=2] [  0.727] recv (stream_id=229) :scheme: https
[id=2] [  0.727] recv (stream_id=229, sensitive) x-fixture: fourth
[id=2] [  0.727] recv (stream_id=229) content-type: application/json
[id=2] [  0.727] recv (stream_id=229) accept: text/event-stream
[id=2] [  0.727] recv (stream_id=229) accept-encoding: identity
[id=2] [  0.727] recv (stream_id=229, sensitive) content-length: 82
[id=2] [  0.727] recv HEADERS frame <length=27, flags=0x04, stream_id=229>
          ; END_HEADERS
          (padlen=0)
          ; Open new stream
[id=2] [  0.727] recv DATA frame <length=82, flags=0x01, stream_id=229>
          ; END_STREAM
[id=2] [  0.727] send HEADERS frame <length=11, flags=0x04, stream_id=229>
          ; END_HEADERS
          (padlen=0)
          ; First response header
          :status: 200
          server: nghttpd nghttp2/1.70.0
          cache-control: max-age=3600
          date: Fri, 02 Oct 2026 00:48:12 GMT
          content-length: 47
          last-modified: Fri, 02 Oct 2026 00:48:11 GMT
          content-type: text/event-stream
[id=2] [  0.727] send DATA frame <length=47, flags=0x01, stream_id=229>
          ; END_STREAM
[id=2] [  0.727] stream_id=229 closed
[id=2] [  0.739] recv (stream_id=231) :method: POST
[id=2] [  0.739] recv (stream_id=231) :authority: 127.0.0.1:64194
[id=2] [  0.739] recv (stream_id=231) :path: /small.sse
[id=2] [  0.739] recv (stream_id=231) :scheme: https
[id=2] [  0.739] recv (stream_id=231, sensitive) x-fixture: fourth
[id=2] [  0.739] recv (stream_id=231) content-type: application/json
[id=2] [  0.739] recv (stream_id=231) accept: text/event-stream
[id=2] [  0.739] recv (stream_id=231) accept-encoding: identity
[id=2] [  0.739] recv (stream_id=231, sensitive) content-length: 82
[id=2] [  0.739] recv HEADERS frame <length=27, flags=0x04, stream_id=231>
          ; END_HEADERS
          (padlen=0)
          ; Open new stream
[id=2] [  0.740] recv DATA frame <length=82, flags=0x01, stream_id=231>
          ; END_STREAM
[id=2] [  0.740] send HEADERS frame <length=11, flags=0x04, stream_id=231>
          ; END_HEADERS
          (padlen=0)
          ; First response header
          :status: 200
          server: nghttpd nghttp2/1.70.0
          cache-control: max-age=3600
          date: Fri, 02 Oct 2026 00:48:12 GMT
          content-length: 47
          last-modified: Fri, 02 Oct 2026 00:48:11 GMT
          content-type: text/event-stream
[id=2] [  0.740] send DATA frame <length=47, flags=0x01, stream_id=231>
          ; END_STREAM
[id=2] [  0.740] stream_id=231 closed
[id=2] [  0.741] recv (stream_id=233) :method: POST
[id=2] [  0.741] recv (stream_id=233) :authority: 127.0.0.1:64194
[id=2] [  0.741] recv (stream_id=233) :path: /small.sse
[id=2] [  0.741] recv (stream_id=233) :scheme: https
[id=2] [  0.741] recv (stream_id=233, sensitive) x-fixture: fourth
[id=2] [  0.741] recv (stream_id=233) content-type: application/json
[id=2] [  0.741] recv (stream_id=233) accept: text/event-stream
[id=2] [  0.741] recv (stream_id=233) accept-encoding: identity
[id=2] [  0.741] recv (stream_id=233, sensitive) content-length: 82
[id=2] [  0.741] recv HEADERS frame <length=27, flags=0x04, stream_id=233>
          ; END_HEADERS
          (padlen=0)
          ; Open new stream
[id=2] [  0.741] recv DATA frame <length=82, flags=0x01, stream_id=233>
          ; END_STREAM
[id=2] [  0.741] send HEADERS frame <length=11, flags=0x04, stream_id=233>
          ; END_HEADERS
          (padlen=0)
          ; First response header
          :status: 200
          server: nghttpd nghttp2/1.70.0
          cache-control: max-age=3600
          date: Fri, 02 Oct 2026 00:48:12 GMT
          content-length: 47
          last-modified: Fri, 02 Oct 2026 00:48:11 GMT
          content-type: text/event-stream
[id=2] [  0.741] send DATA frame <length=47, flags=0x01, stream_id=233>
          ; END_STREAM
[id=2] [  0.741] stream_id=233 closed
[id=2] [  0.742] recv (stream_id=235) :method: POST
[id=2] [  0.742] recv (stream_id=235) :authority: 127.0.0.1:64194
[id=2] [  0.742] recv (stream_id=235) :path: /small.sse
[id=2] [  0.742] recv (stream_id=235) :scheme: https
[id=2] [  0.742] recv (stream_id=235, sensitive) x-fixture: fourth
[id=2] [  0.742] recv (stream_id=235) content-type: application/json
[id=2] [  0.742] recv (stream_id=235) accept: text/event-stream
[id=2] [  0.742] recv (stream_id=235) accept-encoding: identity
[id=2] [  0.742] recv (stream_id=235, sensitive) content-length: 82
[id=2] [  0.742] recv HEADERS frame <length=27, flags=0x04, stream_id=235>
          ; END_HEADERS
          (padlen=0)
          ; Open new stream
[id=2] [  0.742] recv DATA frame <length=82, flags=0x01, stream_id=235>
          ; END_STREAM
[id=2] [  0.742] send HEADERS frame <length=11, flags=0x04, stream_id=235>
          ; END_HEADERS
          (padlen=0)
          ; First response header
          :status: 200
          server: nghttpd nghttp2/1.70.0
          cache-control: max-age=3600
          date: Fri, 02 Oct 2026 00:48:12 GMT
          content-length: 47
          last-modified: Fri, 02 Oct 2026 00:48:11 GMT
          content-type: text/event-stream
[id=2] [  0.742] send DATA frame <length=47, flags=0x01, stream_id=235>
          ; END_STREAM
[id=2] [  0.742] stream_id=235 closed
[id=2] [  0.742] recv (stream_id=237) :method: POST
[id=2] [  0.742] recv (stream_id=237) :authority: 127.0.0.1:64194
[id=2] [  0.742] recv (stream_id=237) :path: /small.sse
[id=2] [  0.742] recv (stream_id=237) :scheme: https
[id=2] [  0.742] recv (stream_id=237, sensitive) x-fixture: fourth
[id=2] [  0.742] recv (stream_id=237) content-type: application/json
[id=2] [  0.742] recv (stream_id=237) accept: text/event-stream
[id=2] [  0.742] recv (stream_id=237) accept-encoding: identity
[id=2] [  0.742] recv (stream_id=237, sensitive) content-length: 82
[id=2] [  0.742] recv HEADERS frame <length=27, flags=0x04, stream_id=237>
          ; END_HEADERS
          (padlen=0)
          ; Open new stream
[id=2] [  0.742] recv DATA frame <length=82, flags=0x01, stream_id=237>
          ; END_STREAM
[id=2] [  0.742] send HEADERS frame <length=11, flags=0x04, stream_id=237>
          ; END_HEADERS
          (padlen=0)
          ; First response header
          :status: 200
          server: nghttpd nghttp2/1.70.0
          cache-control: max-age=3600
          date: Fri, 02 Oct 2026 00:48:12 GMT
          content-length: 47
          last-modified: Fri, 02 Oct 2026 00:48:11 GMT
          content-type: text/event-stream
[id=2] [  0.742] send DATA frame <length=47, flags=0x01, stream_id=237>
          ; END_STREAM
[id=2] [  0.742] stream_id=237 closed
[id=2] [  0.742] recv (stream_id=239) :method: POST
[id=2] [  0.742] recv (stream_id=239) :authority: 127.0.0.1:64194
[id=2] [  0.742] recv (stream_id=239) :path: /small.sse
[id=2] [  0.742] recv (stream_id=239) :scheme: https
[id=2] [  0.742] recv (stream_id=239, sensitive) x-fixture: fourth
[id=2] [  0.742] recv (stream_id=239) content-type: application/json
[id=2] [  0.742] recv (stream_id=239) accept: text/event-stream
[id=2] [  0.742] recv (stream_id=239) accept-encoding: identity
[id=2] [  0.742] recv (stream_id=239, sensitive) content-length: 82
[id=2] [  0.742] recv HEADERS frame <length=27, flags=0x04, stream_id=239>
          ; END_HEADERS
          (padlen=0)
          ; Open new stream
[id=2] [  0.742] recv DATA frame <length=82, flags=0x01, stream_id=239>
          ; END_STREAM
[id=2] [  0.742] send HEADERS frame <length=11, flags=0x04, stream_id=239>
          ; END_HEADERS
          (padlen=0)
          ; First response header
          :status: 200
          server: nghttpd nghttp2/1.70.0
          cache-control: max-age=3600
          date: Fri, 02 Oct 2026 00:48:12 GMT
          content-length: 47
          last-modified: Fri, 02 Oct 2026 00:48:11 GMT
          content-type: text/event-stream
[id=2] [  0.742] send DATA frame <length=47, flags=0x01, stream_id=239>
          ; END_STREAM
[id=2] [  0.742] stream_id=239 closed
[id=2] [  0.742] recv (stream_id=241) :method: POST
[id=2] [  0.742] recv (stream_id=241) :authority: 127.0.0.1:64194
[id=2] [  0.742] recv (stream_id=241) :path: /small.sse
[id=2] [  0.742] recv (stream_id=241) :scheme: https
[id=2] [  0.742] recv (stream_id=241, sensitive) x-fixture: fourth
[id=2] [  0.742] recv (stream_id=241) content-type: application/json
[id=2] [  0.742] recv (stream_id=241) accept: text/event-stream
[id=2] [  0.742] recv (stream_id=241) accept-encoding: identity
[id=2] [  0.742] recv (stream_id=241, sensitive) content-length: 82
[id=2] [  0.742] recv HEADERS frame <length=27, flags=0x04, stream_id=241>
          ; END_HEADERS
          (padlen=0)
          ; Open new stream
[id=2] [  0.742] recv DATA frame <length=82, flags=0x01, stream_id=241>
          ; END_STREAM
[id=2] [  0.742] send HEADERS frame <length=11, flags=0x04, stream_id=241>
          ; END_HEADERS
          (padlen=0)
          ; First response header
          :status: 200
          server: nghttpd nghttp2/1.70.0
          cache-control: max-age=3600
          date: Fri, 02 Oct 2026 00:48:12 GMT
          content-length: 47
          last-modified: Fri, 02 Oct 2026 00:48:11 GMT
          content-type: text/event-stream
[id=2] [  0.742] send DATA frame <length=47, flags=0x01, stream_id=241>
          ; END_STREAM
[id=2] [  0.742] stream_id=241 closed
[id=2] [  0.742] recv (stream_id=243) :method: POST
[id=2] [  0.742] recv (stream_id=243) :authority: 127.0.0.1:64194
[id=2] [  0.742] recv (stream_id=243) :path: /small.sse
[id=2] [  0.742] recv (stream_id=243) :scheme: https
[id=2] [  0.742] recv (stream_id=243, sensitive) x-fixture: fourth
[id=2] [  0.742] recv (stream_id=243) content-type: application/json
[id=2] [  0.742] recv (stream_id=243) accept: text/event-stream
[id=2] [  0.742] recv (stream_id=243) accept-encoding: identity
[id=2] [  0.742] recv (stream_id=243, sensitive) content-length: 82
[id=2] [  0.742] recv HEADERS frame <length=27, flags=0x04, stream_id=243>
          ; END_HEADERS
          (padlen=0)
          ; Open new stream
[id=2] [  0.743] recv DATA frame <length=82, flags=0x01, stream_id=243>
          ; END_STREAM
[id=2] [  0.743] send HEADERS frame <length=11, flags=0x04, stream_id=243>
          ; END_HEADERS
          (padlen=0)
          ; First response header
          :status: 200
          server: nghttpd nghttp2/1.70.0
          cache-control: max-age=3600
          date: Fri, 02 Oct 2026 00:48:12 GMT
          content-length: 47
          last-modified: Fri, 02 Oct 2026 00:48:11 GMT
          content-type: text/event-stream
[id=2] [  0.743] send DATA frame <length=47, flags=0x01, stream_id=243>
          ; END_STREAM
[id=2] [  0.743] stream_id=243 closed
[id=2] [  0.745] recv (stream_id=245) :method: POST
[id=2] [  0.745] recv (stream_id=245) :authority: 127.0.0.1:64194
[id=2] [  0.745] recv (stream_id=245) :path: /small.sse
[id=2] [  0.745] recv (stream_id=245) :scheme: https
[id=2] [  0.745] recv (stream_id=245, sensitive) x-fixture: fourth
[id=2] [  0.745] recv (stream_id=245) content-type: application/json
[id=2] [  0.745] recv (stream_id=245) accept: text/event-stream
[id=2] [  0.745] recv (stream_id=245) accept-encoding: identity
[id=2] [  0.745] recv (stream_id=245, sensitive) content-length: 82
[id=2] [  0.745] recv HEADERS frame <length=27, flags=0x04, stream_id=245>
          ; END_HEADERS
          (padlen=0)
          ; Open new stream
[id=2] [  0.745] recv DATA frame <length=82, flags=0x01, stream_id=245>
          ; END_STREAM
[id=2] [  0.745] send HEADERS frame <length=11, flags=0x04, stream_id=245>
          ; END_HEADERS
          (padlen=0)
          ; First response header
          :status: 200
          server: nghttpd nghttp2/1.70.0
          cache-control: max-age=3600
          date: Fri, 02 Oct 2026 00:48:12 GMT
          content-length: 47
          last-modified: Fri, 02 Oct 2026 00:48:11 GMT
          content-type: text/event-stream
[id=2] [  0.745] send DATA frame <length=47, flags=0x01, stream_id=245>
          ; END_STREAM
[id=2] [  0.745] stream_id=245 closed
[id=2] [  0.745] recv (stream_id=247) :method: POST
[id=2] [  0.745] recv (stream_id=247) :authority: 127.0.0.1:64194
[id=2] [  0.745] recv (stream_id=247) :path: /small.sse
[id=2] [  0.745] recv (stream_id=247) :scheme: https
[id=2] [  0.745] recv (stream_id=247, sensitive) x-fixture: fourth
[id=2] [  0.745] recv (stream_id=247) content-type: application/json
[id=2] [  0.745] recv (stream_id=247) accept: text/event-stream
[id=2] [  0.745] recv (stream_id=247) accept-encoding: identity
[id=2] [  0.745] recv (stream_id=247, sensitive) content-length: 82
[id=2] [  0.745] recv HEADERS frame <length=27, flags=0x04, stream_id=247>
          ; END_HEADERS
          (padlen=0)
          ; Open new stream
[id=2] [  0.745] recv DATA frame <length=82, flags=0x01, stream_id=247>
          ; END_STREAM
[id=2] [  0.745] send HEADERS frame <length=11, flags=0x04, stream_id=247>
          ; END_HEADERS
          (padlen=0)
          ; First response header
          :status: 200
          server: nghttpd nghttp2/1.70.0
          cache-control: max-age=3600
          date: Fri, 02 Oct 2026 00:48:12 GMT
          content-length: 47
          last-modified: Fri, 02 Oct 2026 00:48:11 GMT
          content-type: text/event-stream
[id=2] [  0.745] send DATA frame <length=47, flags=0x01, stream_id=247>
          ; END_STREAM
[id=2] [  0.745] stream_id=247 closed
[id=2] [  0.745] recv (stream_id=249) :method: POST
[id=2] [  0.745] recv (stream_id=249) :authority: 127.0.0.1:64194
[id=2] [  0.745] recv (stream_id=249) :path: /small.sse
[id=2] [  0.745] recv (stream_id=249) :scheme: https
[id=2] [  0.745] recv (stream_id=249, sensitive) x-fixture: fourth
[id=2] [  0.745] recv (stream_id=249) content-type: application/json
[id=2] [  0.745] recv (stream_id=249) accept: text/event-stream
[id=2] [  0.745] recv (stream_id=249) accept-encoding: identity
[id=2] [  0.745] recv (stream_id=249, sensitive) content-length: 82
[id=2] [  0.745] recv HEADERS frame <length=27, flags=0x04, stream_id=249>
          ; END_HEADERS
          (padlen=0)
          ; Open new stream
[id=2] [  0.745] recv DATA frame <length=82, flags=0x01, stream_id=249>
          ; END_STREAM
[id=2] [  0.745] send HEADERS frame <length=11, flags=0x04, stream_id=249>
          ; END_HEADERS
          (padlen=0)
          ; First response header
          :status: 200
          server: nghttpd nghttp2/1.70.0
          cache-control: max-age=3600
          date: Fri, 02 Oct 2026 00:48:12 GMT
          content-length: 47
          last-modified: Fri, 02 Oct 2026 00:48:11 GMT
          content-type: text/event-stream
[id=2] [  0.745] send DATA frame <length=47, flags=0x01, stream_id=249>
          ; END_STREAM
[id=2] [  0.745] stream_id=249 closed
[id=2] [  0.746] recv (stream_id=251) :method: POST
[id=2] [  0.746] recv (stream_id=251) :authority: 127.0.0.1:64194
[id=2] [  0.746] recv (stream_id=251) :path: /small.sse
[id=2] [  0.746] recv (stream_id=251) :scheme: https
[id=2] [  0.746] recv (stream_id=251, sensitive) x-fixture: fourth
[id=2] [  0.746] recv (stream_id=251) content-type: application/json
[id=2] [  0.746] recv (stream_id=251) accept: text/event-stream
[id=2] [  0.746] recv (stream_id=251) accept-encoding: identity
[id=2] [  0.746] recv (stream_id=251, sensitive) content-length: 82
[id=2] [  0.746] recv HEADERS frame <length=27, flags=0x04, stream_id=251>
          ; END_HEADERS
          (padlen=0)
          ; Open new stream
[id=2] [  0.746] recv DATA frame <length=82, flags=0x01, stream_id=251>
          ; END_STREAM
[id=2] [  0.746] send HEADERS frame <length=11, flags=0x04, stream_id=251>
          ; END_HEADERS
          (padlen=0)
          ; First response header
          :status: 200
          server: nghttpd nghttp2/1.70.0
          cache-control: max-age=3600
          date: Fri, 02 Oct 2026 00:48:12 GMT
          content-length: 47
          last-modified: Fri, 02 Oct 2026 00:48:11 GMT
          content-type: text/event-stream
[id=2] [  0.746] send DATA frame <length=47, flags=0x01, stream_id=251>
          ; END_STREAM
[id=2] [  0.746] stream_id=251 closed
[id=2] [  0.746] recv (stream_id=253) :method: POST
[id=2] [  0.746] recv (stream_id=253) :authority: 127.0.0.1:64194
[id=2] [  0.746] recv (stream_id=253) :path: /small.sse
[id=2] [  0.746] recv (stream_id=253) :scheme: https
[id=2] [  0.746] recv (stream_id=253, sensitive) x-fixture: fourth
[id=2] [  0.746] recv (stream_id=253) content-type: application/json
[id=2] [  0.746] recv (stream_id=253) accept: text/event-stream
[id=2] [  0.746] recv (stream_id=253) accept-encoding: identity
[id=2] [  0.746] recv (stream_id=253, sensitive) content-length: 82
[id=2] [  0.746] recv HEADERS frame <length=27, flags=0x04, stream_id=253>
          ; END_HEADERS
          (padlen=0)
          ; Open new stream
[id=2] [  0.746] recv DATA frame <length=82, flags=0x01, stream_id=253>
          ; END_STREAM
[id=2] [  0.746] send HEADERS frame <length=11, flags=0x04, stream_id=253>
          ; END_HEADERS
          (padlen=0)
          ; First response header
          :status: 200
          server: nghttpd nghttp2/1.70.0
          cache-control: max-age=3600
          date: Fri, 02 Oct 2026 00:48:12 GMT
          content-length: 47
          last-modified: Fri, 02 Oct 2026 00:48:11 GMT
          content-type: text/event-stream
[id=2] [  0.746] send DATA frame <length=47, flags=0x01, stream_id=253>
          ; END_STREAM
[id=2] [  0.746] stream_id=253 closed
[id=2] [  0.746] recv (stream_id=255) :method: POST
[id=2] [  0.746] recv (stream_id=255) :authority: 127.0.0.1:64194
[id=2] [  0.746] recv (stream_id=255) :path: /small.sse
[id=2] [  0.746] recv (stream_id=255) :scheme: https
[id=2] [  0.746] recv (stream_id=255, sensitive) x-fixture: fourth
[id=2] [  0.746] recv (stream_id=255) content-type: application/json
[id=2] [  0.746] recv (stream_id=255) accept: text/event-stream
[id=2] [  0.746] recv (stream_id=255) accept-encoding: identity
[id=2] [  0.746] recv (stream_id=255, sensitive) content-length: 82
[id=2] [  0.746] recv HEADERS frame <length=27, flags=0x04, stream_id=255>
          ; END_HEADERS
          (padlen=0)
          ; Open new stream
[id=2] [  0.746] recv DATA frame <length=82, flags=0x01, stream_id=255>
          ; END_STREAM
[id=2] [  0.746] send HEADERS frame <length=11, flags=0x04, stream_id=255>
          ; END_HEADERS
          (padlen=0)
          ; First response header
          :status: 200
          server: nghttpd nghttp2/1.70.0
          cache-control: max-age=3600
          date: Fri, 02 Oct 2026 00:48:12 GMT
          content-length: 47
          last-modified: Fri, 02 Oct 2026 00:48:11 GMT
          content-type: text/event-stream
[id=2] [  0.746] send DATA frame <length=47, flags=0x01, stream_id=255>
          ; END_STREAM
[id=2] [  0.746] stream_id=255 closed
[id=2] [  0.746] recv (stream_id=257) :method: POST
[id=2] [  0.746] recv (stream_id=257) :authority: 127.0.0.1:64194
[id=2] [  0.746] recv (stream_id=257) :path: /small.sse
[id=2] [  0.746] recv (stream_id=257) :scheme: https
[id=2] [  0.746] recv (stream_id=257, sensitive) x-fixture: fourth
[id=2] [  0.746] recv (stream_id=257) content-type: application/json
[id=2] [  0.746] recv (stream_id=257) accept: text/event-stream
[id=2] [  0.746] recv (stream_id=257) accept-encoding: identity
[id=2] [  0.746] recv (stream_id=257, sensitive) content-length: 82
[id=2] [  0.746] recv HEADERS frame <length=27, flags=0x04, stream_id=257>
          ; END_HEADERS
          (padlen=0)
          ; Open new stream
[id=2] [  0.746] recv DATA frame <length=82, flags=0x01, stream_id=257>
          ; END_STREAM
[id=2] [  0.746] send HEADERS frame <length=11, flags=0x04, stream_id=257>
          ; END_HEADERS
          (padlen=0)
          ; First response header
          :status: 200
          server: nghttpd nghttp2/1.70.0
          cache-control: max-age=3600
          date: Fri, 02 Oct 2026 00:48:12 GMT
          content-length: 47
          last-modified: Fri, 02 Oct 2026 00:48:11 GMT
          content-type: text/event-stream
[id=2] [  0.746] send DATA frame <length=47, flags=0x01, stream_id=257>
          ; END_STREAM
[id=2] [  0.746] stream_id=257 closed
[id=2] [  0.746] recv (stream_id=259) :method: POST
[id=2] [  0.746] recv (stream_id=259) :authority: 127.0.0.1:64194
[id=2] [  0.746] recv (stream_id=259) :path: /small.sse
[id=2] [  0.746] recv (stream_id=259) :scheme: https
[id=2] [  0.746] recv (stream_id=259, sensitive) x-fixture: fourth
[id=2] [  0.746] recv (stream_id=259) content-type: application/json
[id=2] [  0.746] recv (stream_id=259) accept: text/event-stream
[id=2] [  0.746] recv (stream_id=259) accept-encoding: identity
[id=2] [  0.746] recv (stream_id=259, sensitive) content-length: 82
[id=2] [  0.746] recv HEADERS frame <length=27, flags=0x04, stream_id=259>
          ; END_HEADERS
          (padlen=0)
          ; Open new stream
[id=2] [  0.746] recv DATA frame <length=82, flags=0x01, stream_id=259>
          ; END_STREAM
[id=2] [  0.746] send HEADERS frame <length=11, flags=0x04, stream_id=259>
          ; END_HEADERS
          (padlen=0)
          ; First response header
          :status: 200
          server: nghttpd nghttp2/1.70.0
          cache-control: max-age=3600
          date: Fri, 02 Oct 2026 00:48:12 GMT
          content-length: 47
          last-modified: Fri, 02 Oct 2026 00:48:11 GMT
          content-type: text/event-stream
[id=2] [  0.746] send DATA frame <length=47, flags=0x01, stream_id=259>
          ; END_STREAM
[id=2] [  0.746] stream_id=259 closed
[id=2] [  0.746] recv (stream_id=261) :method: POST
[id=2] [  0.746] recv (stream_id=261) :authority: 127.0.0.1:64194
[id=2] [  0.746] recv (stream_id=261) :path: /small.sse
[id=2] [  0.746] recv (stream_id=261) :scheme: https
[id=2] [  0.746] recv (stream_id=261, sensitive) x-fixture: fourth
[id=2] [  0.746] recv (stream_id=261) content-type: application/json
[id=2] [  0.746] recv (stream_id=261) accept: text/event-stream
[id=2] [  0.746] recv (stream_id=261) accept-encoding: identity
[id=2] [  0.746] recv (stream_id=261, sensitive) content-length: 82
[id=2] [  0.746] recv HEADERS frame <length=27, flags=0x04, stream_id=261>
          ; END_HEADERS
          (padlen=0)
          ; Open new stream
[id=2] [  0.746] recv DATA frame <length=82, flags=0x01, stream_id=261>
          ; END_STREAM
[id=2] [  0.746] send HEADERS frame <length=11, flags=0x04, stream_id=261>
          ; END_HEADERS
          (padlen=0)
          ; First response header
          :status: 200
          server: nghttpd nghttp2/1.70.0
          cache-control: max-age=3600
          date: Fri, 02 Oct 2026 00:48:12 GMT
          content-length: 47
          last-modified: Fri, 02 Oct 2026 00:48:11 GMT
          content-type: text/event-stream
[id=2] [  0.746] send DATA frame <length=47, flags=0x01, stream_id=261>
          ; END_STREAM
[id=2] [  0.746] stream_id=261 closed
[id=2] [  0.746] recv (stream_id=263) :method: POST
[id=2] [  0.746] recv (stream_id=263) :authority: 127.0.0.1:64194
[id=2] [  0.746] recv (stream_id=263) :path: /small.sse
[id=2] [  0.746] recv (stream_id=263) :scheme: https
[id=2] [  0.746] recv (stream_id=263, sensitive) x-fixture: fourth
[id=2] [  0.746] recv (stream_id=263) content-type: application/json
[id=2] [  0.746] recv (stream_id=263) accept: text/event-stream
[id=2] [  0.746] recv (stream_id=263) accept-encoding: identity
[id=2] [  0.746] recv (stream_id=263, sensitive) content-length: 82
[id=2] [  0.746] recv HEADERS frame <length=27, flags=0x04, stream_id=263>
          ; END_HEADERS
          (padlen=0)
          ; Open new stream
[id=2] [  0.746] recv DATA frame <length=82, flags=0x01, stream_id=263>
          ; END_STREAM
[id=2] [  0.746] send HEADERS frame <length=11, flags=0x04, stream_id=263>
          ; END_HEADERS
          (padlen=0)
          ; First response header
          :status: 200
          server: nghttpd nghttp2/1.70.0
          cache-control: max-age=3600
          date: Fri, 02 Oct 2026 00:48:12 GMT
          content-length: 47
          last-modified: Fri, 02 Oct 2026 00:48:11 GMT
          content-type: text/event-stream
[id=2] [  0.746] send DATA frame <length=47, flags=0x01, stream_id=263>
          ; END_STREAM
[id=2] [  0.746] stream_id=263 closed
[id=2] [  0.746] recv (stream_id=265) :method: POST
[id=2] [  0.746] recv (stream_id=265) :authority: 127.0.0.1:64194
[id=2] [  0.746] recv (stream_id=265) :path: /small.sse
[id=2] [  0.746] recv (stream_id=265) :scheme: https
[id=2] [  0.746] recv (stream_id=265, sensitive) x-fixture: fourth
[id=2] [  0.746] recv (stream_id=265) content-type: application/json
[id=2] [  0.746] recv (stream_id=265) accept: text/event-stream
[id=2] [  0.746] recv (stream_id=265) accept-encoding: identity
[id=2] [  0.746] recv (stream_id=265, sensitive) content-length: 82
[id=2] [  0.746] recv HEADERS frame <length=27, flags=0x04, stream_id=265>
          ; END_HEADERS
          (padlen=0)
          ; Open new stream
[id=2] [  0.746] recv DATA frame <length=82, flags=0x01, stream_id=265>
          ; END_STREAM
[id=2] [  0.746] send HEADERS frame <length=11, flags=0x04, stream_id=265>
          ; END_HEADERS
          (padlen=0)
          ; First response header
          :status: 200
          server: nghttpd nghttp2/1.70.0
          cache-control: max-age=3600
          date: Fri, 02 Oct 2026 00:48:12 GMT
          content-length: 47
          last-modified: Fri, 02 Oct 2026 00:48:11 GMT
          content-type: text/event-stream
[id=2] [  0.746] send DATA frame <length=47, flags=0x01, stream_id=265>
          ; END_STREAM
[id=2] [  0.746] stream_id=265 closed
[id=2] [  0.746] recv (stream_id=267) :method: POST
[id=2] [  0.746] recv (stream_id=267) :authority: 127.0.0.1:64194
[id=2] [  0.746] recv (stream_id=267) :path: /small.sse
[id=2] [  0.746] recv (stream_id=267) :scheme: https
[id=2] [  0.746] recv (stream_id=267, sensitive) x-fixture: fourth
[id=2] [  0.746] recv (stream_id=267) content-type: application/json
[id=2] [  0.746] recv (stream_id=267) accept: text/event-stream
[id=2] [  0.746] recv (stream_id=267) accept-encoding: identity
[id=2] [  0.746] recv (stream_id=267, sensitive) content-length: 82
[id=2] [  0.746] recv HEADERS frame <length=27, flags=0x04, stream_id=267>
          ; END_HEADERS
          (padlen=0)
          ; Open new stream
[id=2] [  0.746] recv DATA frame <length=82, flags=0x01, stream_id=267>
          ; END_STREAM
[id=2] [  0.746] send HEADERS frame <length=11, flags=0x04, stream_id=267>
          ; END_HEADERS
          (padlen=0)
          ; First response header
          :status: 200
          server: nghttpd nghttp2/1.70.0
          cache-control: max-age=3600
          date: Fri, 02 Oct 2026 00:48:12 GMT
          content-length: 47
          last-modified: Fri, 02 Oct 2026 00:48:11 GMT
          content-type: text/event-stream
[id=2] [  0.746] send DATA frame <length=47, flags=0x01, stream_id=267>
          ; END_STREAM
[id=2] [  0.746] stream_id=267 closed
[id=2] [  0.746] recv (stream_id=269) :method: POST
[id=2] [  0.746] recv (stream_id=269) :authority: 127.0.0.1:64194
[id=2] [  0.746] recv (stream_id=269) :path: /small.sse
[id=2] [  0.746] recv (stream_id=269) :scheme: https
[id=2] [  0.746] recv (stream_id=269, sensitive) x-fixture: fourth
[id=2] [  0.746] recv (stream_id=269) content-type: application/json
[id=2] [  0.746] recv (stream_id=269) accept: text/event-stream
[id=2] [  0.746] recv (stream_id=269) accept-encoding: identity
[id=2] [  0.746] recv (stream_id=269, sensitive) content-length: 82
[id=2] [  0.746] recv HEADERS frame <length=27, flags=0x04, stream_id=269>
          ; END_HEADERS
          (padlen=0)
          ; Open new stream
[id=2] [  0.746] recv DATA frame <length=82, flags=0x01, stream_id=269>
          ; END_STREAM
[id=2] [  0.746] send HEADERS frame <length=11, flags=0x04, stream_id=269>
          ; END_HEADERS
          (padlen=0)
          ; First response header
          :status: 200
          server: nghttpd nghttp2/1.70.0
          cache-control: max-age=3600
          date: Fri, 02 Oct 2026 00:48:12 GMT
          content-length: 47
          last-modified: Fri, 02 Oct 2026 00:48:11 GMT
          content-type: text/event-stream
[id=2] [  0.746] send DATA frame <length=47, flags=0x01, stream_id=269>
          ; END_STREAM
[id=2] [  0.746] stream_id=269 closed
[id=2] [  0.747] recv (stream_id=271) :method: POST
[id=2] [  0.747] recv (stream_id=271) :authority: 127.0.0.1:64194
[id=2] [  0.747] recv (stream_id=271) :path: /small.sse
[id=2] [  0.747] recv (stream_id=271) :scheme: https
[id=2] [  0.747] recv (stream_id=271, sensitive) x-fixture: fourth
[id=2] [  0.747] recv (stream_id=271) content-type: application/json
[id=2] [  0.747] recv (stream_id=271) accept: text/event-stream
[id=2] [  0.747] recv (stream_id=271) accept-encoding: identity
[id=2] [  0.747] recv (stream_id=271, sensitive) content-length: 82
[id=2] [  0.747] recv HEADERS frame <length=27, flags=0x04, stream_id=271>
          ; END_HEADERS
          (padlen=0)
          ; Open new stream
[id=2] [  0.747] recv DATA frame <length=82, flags=0x01, stream_id=271>
          ; END_STREAM
[id=2] [  0.747] send HEADERS frame <length=11, flags=0x04, stream_id=271>
          ; END_HEADERS
          (padlen=0)
          ; First response header
          :status: 200
          server: nghttpd nghttp2/1.70.0
          cache-control: max-age=3600
          date: Fri, 02 Oct 2026 00:48:12 GMT
          content-length: 47
          last-modified: Fri, 02 Oct 2026 00:48:11 GMT
          content-type: text/event-stream
[id=2] [  0.747] send DATA frame <length=47, flags=0x01, stream_id=271>
          ; END_STREAM
[id=2] [  0.747] stream_id=271 closed
[id=2] [  0.747] recv (stream_id=273) :method: POST
[id=2] [  0.747] recv (stream_id=273) :authority: 127.0.0.1:64194
[id=2] [  0.747] recv (stream_id=273) :path: /small.sse
[id=2] [  0.747] recv (stream_id=273) :scheme: https
[id=2] [  0.747] recv (stream_id=273, sensitive) x-fixture: fourth
[id=2] [  0.747] recv (stream_id=273) content-type: application/json
[id=2] [  0.747] recv (stream_id=273) accept: text/event-stream
[id=2] [  0.747] recv (stream_id=273) accept-encoding: identity
[id=2] [  0.747] recv (stream_id=273, sensitive) content-length: 82
[id=2] [  0.747] recv HEADERS frame <length=27, flags=0x04, stream_id=273>
          ; END_HEADERS
          (padlen=0)
          ; Open new stream
[id=2] [  0.747] recv DATA frame <length=82, flags=0x01, stream_id=273>
          ; END_STREAM
[id=2] [  0.747] send HEADERS frame <length=11, flags=0x04, stream_id=273>
          ; END_HEADERS
          (padlen=0)
          ; First response header
          :status: 200
          server: nghttpd nghttp2/1.70.0
          cache-control: max-age=3600
          date: Fri, 02 Oct 2026 00:48:12 GMT
          content-length: 47
          last-modified: Fri, 02 Oct 2026 00:48:11 GMT
          content-type: text/event-stream
[id=2] [  0.747] send DATA frame <length=47, flags=0x01, stream_id=273>
          ; END_STREAM
[id=2] [  0.747] stream_id=273 closed
[id=2] [  0.747] recv (stream_id=275) :method: POST
[id=2] [  0.747] recv (stream_id=275) :authority: 127.0.0.1:64194
[id=2] [  0.747] recv (stream_id=275) :path: /small.sse
[id=2] [  0.747] recv (stream_id=275) :scheme: https
[id=2] [  0.747] recv (stream_id=275, sensitive) x-fixture: fourth
[id=2] [  0.747] recv (stream_id=275) content-type: application/json
[id=2] [  0.747] recv (stream_id=275) accept: text/event-stream
[id=2] [  0.747] recv (stream_id=275) accept-encoding: identity
[id=2] [  0.747] recv (stream_id=275, sensitive) content-length: 82
[id=2] [  0.747] recv HEADERS frame <length=27, flags=0x04, stream_id=275>
          ; END_HEADERS
          (padlen=0)
          ; Open new stream
[id=2] [  0.747] recv DATA frame <length=82, flags=0x01, stream_id=275>
          ; END_STREAM
[id=2] [  0.747] send HEADERS frame <length=11, flags=0x04, stream_id=275>
          ; END_HEADERS
          (padlen=0)
          ; First response header
          :status: 200
          server: nghttpd nghttp2/1.70.0
          cache-control: max-age=3600
          date: Fri, 02 Oct 2026 00:48:12 GMT
          content-length: 47
          last-modified: Fri, 02 Oct 2026 00:48:11 GMT
          content-type: text/event-stream
[id=2] [  0.747] send DATA frame <length=47, flags=0x01, stream_id=275>
          ; END_STREAM
[id=2] [  0.747] stream_id=275 closed
[id=2] [  0.747] recv (stream_id=277) :method: POST
[id=2] [  0.747] recv (stream_id=277) :authority: 127.0.0.1:64194
[id=2] [  0.747] recv (stream_id=277) :path: /small.sse
[id=2] [  0.747] recv (stream_id=277) :scheme: https
[id=2] [  0.747] recv (stream_id=277, sensitive) x-fixture: fourth
[id=2] [  0.747] recv (stream_id=277) content-type: application/json
[id=2] [  0.747] recv (stream_id=277) accept: text/event-stream
[id=2] [  0.747] recv (stream_id=277) accept-encoding: identity
[id=2] [  0.747] recv (stream_id=277, sensitive) content-length: 82
[id=2] [  0.747] recv HEADERS frame <length=27, flags=0x04, stream_id=277>
          ; END_HEADERS
          (padlen=0)
          ; Open new stream
[id=2] [  0.747] recv DATA frame <length=82, flags=0x01, stream_id=277>
          ; END_STREAM
[id=2] [  0.747] send HEADERS frame <length=11, flags=0x04, stream_id=277>
          ; END_HEADERS
          (padlen=0)
          ; First response header
          :status: 200
          server: nghttpd nghttp2/1.70.0
          cache-control: max-age=3600
          date: Fri, 02 Oct 2026 00:48:12 GMT
          content-length: 47
          last-modified: Fri, 02 Oct 2026 00:48:11 GMT
          content-type: text/event-stream
[id=2] [  0.747] send DATA frame <length=47, flags=0x01, stream_id=277>
          ; END_STREAM
[id=2] [  0.747] stream_id=277 closed
[id=2] [  0.747] recv (stream_id=279) :method: POST
[id=2] [  0.747] recv (stream_id=279) :authority: 127.0.0.1:64194
[id=2] [  0.747] recv (stream_id=279) :path: /small.sse
[id=2] [  0.747] recv (stream_id=279) :scheme: https
[id=2] [  0.747] recv (stream_id=279, sensitive) x-fixture: fourth
[id=2] [  0.747] recv (stream_id=279) content-type: application/json
[id=2] [  0.747] recv (stream_id=279) accept: text/event-stream
[id=2] [  0.747] recv (stream_id=279) accept-encoding: identity
[id=2] [  0.747] recv (stream_id=279, sensitive) content-length: 82
[id=2] [  0.747] recv HEADERS frame <length=27, flags=0x04, stream_id=279>
          ; END_HEADERS
          (padlen=0)
          ; Open new stream
[id=2] [  0.747] recv DATA frame <length=82, flags=0x01, stream_id=279>
          ; END_STREAM
[id=2] [  0.747] send HEADERS frame <length=11, flags=0x04, stream_id=279>
          ; END_HEADERS
          (padlen=0)
          ; First response header
          :status: 200
          server: nghttpd nghttp2/1.70.0
          cache-control: max-age=3600
          date: Fri, 02 Oct 2026 00:48:12 GMT
          content-length: 47
          last-modified: Fri, 02 Oct 2026 00:48:11 GMT
          content-type: text/event-stream
[id=2] [  0.747] send DATA frame <length=47, flags=0x01, stream_id=279>
          ; END_STREAM
[id=2] [  0.747] stream_id=279 closed
[id=2] [  0.747] recv (stream_id=281) :method: POST
[id=2] [  0.747] recv (stream_id=281) :authority: 127.0.0.1:64194
[id=2] [  0.747] recv (stream_id=281) :path: /small.sse
[id=2] [  0.747] recv (stream_id=281) :scheme: https
[id=2] [  0.747] recv (stream_id=281, sensitive) x-fixture: fourth
[id=2] [  0.747] recv (stream_id=281) content-type: application/json
[id=2] [  0.747] recv (stream_id=281) accept: text/event-stream
[id=2] [  0.747] recv (stream_id=281) accept-encoding: identity
[id=2] [  0.747] recv (stream_id=281, sensitive) content-length: 82
[id=2] [  0.747] recv HEADERS frame <length=27, flags=0x04, stream_id=281>
          ; END_HEADERS
          (padlen=0)
          ; Open new stream
[id=2] [  0.747] recv DATA frame <length=82, flags=0x01, stream_id=281>
          ; END_STREAM
[id=2] [  0.747] send HEADERS frame <length=11, flags=0x04, stream_id=281>
          ; END_HEADERS
          (padlen=0)
          ; First response header
          :status: 200
          server: nghttpd nghttp2/1.70.0
          cache-control: max-age=3600
          date: Fri, 02 Oct 2026 00:48:12 GMT
          content-length: 47
          last-modified: Fri, 02 Oct 2026 00:48:11 GMT
          content-type: text/event-stream
[id=2] [  0.747] send DATA frame <length=47, flags=0x01, stream_id=281>
          ; END_STREAM
[id=2] [  0.747] stream_id=281 closed
[id=2] [  0.747] recv (stream_id=283) :method: POST
[id=2] [  0.747] recv (stream_id=283) :authority: 127.0.0.1:64194
[id=2] [  0.747] recv (stream_id=283) :path: /small.sse
[id=2] [  0.747] recv (stream_id=283) :scheme: https
[id=2] [  0.747] recv (stream_id=283, sensitive) x-fixture: fourth
[id=2] [  0.747] recv (stream_id=283) content-type: application/json
[id=2] [  0.747] recv (stream_id=283) accept: text/event-stream
[id=2] [  0.747] recv (stream_id=283) accept-encoding: identity
[id=2] [  0.747] recv (stream_id=283, sensitive) content-length: 82
[id=2] [  0.747] recv HEADERS frame <length=27, flags=0x04, stream_id=283>
          ; END_HEADERS
          (padlen=0)
          ; Open new stream
[id=2] [  0.747] recv DATA frame <length=82, flags=0x01, stream_id=283>
          ; END_STREAM
[id=2] [  0.747] send HEADERS frame <length=11, flags=0x04, stream_id=283>
          ; END_HEADERS
          (padlen=0)
          ; First response header
          :status: 200
          server: nghttpd nghttp2/1.70.0
          cache-control: max-age=3600
          date: Fri, 02 Oct 2026 00:48:12 GMT
          content-length: 47
          last-modified: Fri, 02 Oct 2026 00:48:11 GMT
          content-type: text/event-stream
[id=2] [  0.747] send DATA frame <length=47, flags=0x01, stream_id=283>
          ; END_STREAM
[id=2] [  0.747] stream_id=283 closed
[id=2] [  0.747] recv (stream_id=285) :method: POST
[id=2] [  0.747] recv (stream_id=285) :authority: 127.0.0.1:64194
[id=2] [  0.747] recv (stream_id=285) :path: /small.sse
[id=2] [  0.747] recv (stream_id=285) :scheme: https
[id=2] [  0.747] recv (stream_id=285, sensitive) x-fixture: fourth
[id=2] [  0.747] recv (stream_id=285) content-type: application/json
[id=2] [  0.747] recv (stream_id=285) accept: text/event-stream
[id=2] [  0.747] recv (stream_id=285) accept-encoding: identity
[id=2] [  0.747] recv (stream_id=285, sensitive) content-length: 82
[id=2] [  0.747] recv HEADERS frame <length=27, flags=0x04, stream_id=285>
          ; END_HEADERS
          (padlen=0)
          ; Open new stream
[id=2] [  0.747] recv DATA frame <length=82, flags=0x01, stream_id=285>
          ; END_STREAM
[id=2] [  0.747] send HEADERS frame <length=11, flags=0x04, stream_id=285>
          ; END_HEADERS
          (padlen=0)
          ; First response header
          :status: 200
          server: nghttpd nghttp2/1.70.0
          cache-control: max-age=3600
          date: Fri, 02 Oct 2026 00:48:12 GMT
          content-length: 47
          last-modified: Fri, 02 Oct 2026 00:48:11 GMT
          content-type: text/event-stream
[id=2] [  0.747] send DATA frame <length=47, flags=0x01, stream_id=285>
          ; END_STREAM
[id=2] [  0.747] stream_id=285 closed
[id=2] [  0.748] recv (stream_id=287) :method: POST
[id=2] [  0.748] recv (stream_id=287) :authority: 127.0.0.1:64194
[id=2] [  0.748] recv (stream_id=287) :path: /small.sse
[id=2] [  0.748] recv (stream_id=287) :scheme: https
[id=2] [  0.748] recv (stream_id=287, sensitive) x-fixture: fourth
[id=2] [  0.748] recv (stream_id=287) content-type: application/json
[id=2] [  0.748] recv (stream_id=287) accept: text/event-stream
[id=2] [  0.748] recv (stream_id=287) accept-encoding: identity
[id=2] [  0.748] recv (stream_id=287, sensitive) content-length: 82
[id=2] [  0.748] recv HEADERS frame <length=27, flags=0x04, stream_id=287>
          ; END_HEADERS
          (padlen=0)
          ; Open new stream
[id=2] [  0.748] recv DATA frame <length=82, flags=0x01, stream_id=287>
          ; END_STREAM
[id=2] [  0.748] send HEADERS frame <length=11, flags=0x04, stream_id=287>
          ; END_HEADERS
          (padlen=0)
          ; First response header
          :status: 200
          server: nghttpd nghttp2/1.70.0
          cache-control: max-age=3600
          date: Fri, 02 Oct 2026 00:48:12 GMT
          content-length: 47
          last-modified: Fri, 02 Oct 2026 00:48:11 GMT
          content-type: text/event-stream
[id=2] [  0.748] send DATA frame <length=47, flags=0x01, stream_id=287>
          ; END_STREAM
[id=2] [  0.748] stream_id=287 closed
[id=2] [  0.748] recv (stream_id=289) :method: POST
[id=2] [  0.748] recv (stream_id=289) :authority: 127.0.0.1:64194
[id=2] [  0.748] recv (stream_id=289) :path: /small.sse
[id=2] [  0.748] recv (stream_id=289) :scheme: https
[id=2] [  0.748] recv (stream_id=289, sensitive) x-fixture: fourth
[id=2] [  0.748] recv (stream_id=289) content-type: application/json
[id=2] [  0.748] recv (stream_id=289) accept: text/event-stream
[id=2] [  0.748] recv (stream_id=289) accept-encoding: identity
[id=2] [  0.748] recv (stream_id=289, sensitive) content-length: 82
[id=2] [  0.748] recv HEADERS frame <length=27, flags=0x04, stream_id=289>
          ; END_HEADERS
          (padlen=0)
          ; Open new stream
[id=2] [  0.748] recv DATA frame <length=82, flags=0x01, stream_id=289>
          ; END_STREAM
[id=2] [  0.748] send HEADERS frame <length=11, flags=0x04, stream_id=289>
          ; END_HEADERS
          (padlen=0)
          ; First response header
          :status: 200
          server: nghttpd nghttp2/1.70.0
          cache-control: max-age=3600
          date: Fri, 02 Oct 2026 00:48:12 GMT
          content-length: 47
          last-modified: Fri, 02 Oct 2026 00:48:11 GMT
          content-type: text/event-stream
[id=2] [  0.748] send DATA frame <length=47, flags=0x01, stream_id=289>
          ; END_STREAM
[id=2] [  0.748] stream_id=289 closed
[id=2] [  0.748] recv (stream_id=291) :method: POST
[id=2] [  0.748] recv (stream_id=291) :authority: 127.0.0.1:64194
[id=2] [  0.748] recv (stream_id=291) :path: /small.sse
[id=2] [  0.748] recv (stream_id=291) :scheme: https
[id=2] [  0.748] recv (stream_id=291, sensitive) x-fixture: fourth
[id=2] [  0.748] recv (stream_id=291) content-type: application/json
[id=2] [  0.748] recv (stream_id=291) accept: text/event-stream
[id=2] [  0.748] recv (stream_id=291) accept-encoding: identity
[id=2] [  0.748] recv (stream_id=291, sensitive) content-length: 82
[id=2] [  0.748] recv HEADERS frame <length=27, flags=0x04, stream_id=291>
          ; END_HEADERS
          (padlen=0)
          ; Open new stream
[id=2] [  0.748] recv DATA frame <length=82, flags=0x01, stream_id=291>
          ; END_STREAM
[id=2] [  0.748] send HEADERS frame <length=11, flags=0x04, stream_id=291>
          ; END_HEADERS
          (padlen=0)
          ; First response header
          :status: 200
          server: nghttpd nghttp2/1.70.0
          cache-control: max-age=3600
          date: Fri, 02 Oct 2026 00:48:12 GMT
          content-length: 47
          last-modified: Fri, 02 Oct 2026 00:48:11 GMT
          content-type: text/event-stream
[id=2] [  0.748] send DATA frame <length=47, flags=0x01, stream_id=291>
          ; END_STREAM
[id=2] [  0.748] stream_id=291 closed
[id=2] [  0.748] recv (stream_id=293) :method: POST
[id=2] [  0.748] recv (stream_id=293) :authority: 127.0.0.1:64194
[id=2] [  0.748] recv (stream_id=293) :path: /small.sse
[id=2] [  0.748] recv (stream_id=293) :scheme: https
[id=2] [  0.748] recv (stream_id=293, sensitive) x-fixture: fourth
[id=2] [  0.748] recv (stream_id=293) content-type: application/json
[id=2] [  0.748] recv (stream_id=293) accept: text/event-stream
[id=2] [  0.748] recv (stream_id=293) accept-encoding: identity
[id=2] [  0.748] recv (stream_id=293, sensitive) content-length: 82
[id=2] [  0.748] recv HEADERS frame <length=27, flags=0x04, stream_id=293>
          ; END_HEADERS
          (padlen=0)
          ; Open new stream
[id=2] [  0.748] recv DATA frame <length=82, flags=0x01, stream_id=293>
          ; END_STREAM
[id=2] [  0.748] send HEADERS frame <length=11, flags=0x04, stream_id=293>
          ; END_HEADERS
          (padlen=0)
          ; First response header
          :status: 200
          server: nghttpd nghttp2/1.70.0
          cache-control: max-age=3600
          date: Fri, 02 Oct 2026 00:48:12 GMT
          content-length: 47
          last-modified: Fri, 02 Oct 2026 00:48:11 GMT
          content-type: text/event-stream
[id=2] [  0.748] send DATA frame <length=47, flags=0x01, stream_id=293>
          ; END_STREAM
[id=2] [  0.748] stream_id=293 closed
[id=2] [  0.748] recv (stream_id=295) :method: POST
[id=2] [  0.748] recv (stream_id=295) :authority: 127.0.0.1:64194
[id=2] [  0.748] recv (stream_id=295) :path: /small.sse
[id=2] [  0.748] recv (stream_id=295) :scheme: https
[id=2] [  0.748] recv (stream_id=295, sensitive) x-fixture: fourth
[id=2] [  0.748] recv (stream_id=295) content-type: application/json
[id=2] [  0.748] recv (stream_id=295) accept: text/event-stream
[id=2] [  0.748] recv (stream_id=295) accept-encoding: identity
[id=2] [  0.748] recv (stream_id=295, sensitive) content-length: 82
[id=2] [  0.748] recv HEADERS frame <length=27, flags=0x04, stream_id=295>
          ; END_HEADERS
          (padlen=0)
          ; Open new stream
[id=2] [  0.748] recv DATA frame <length=82, flags=0x01, stream_id=295>
          ; END_STREAM
[id=2] [  0.748] send HEADERS frame <length=11, flags=0x04, stream_id=295>
          ; END_HEADERS
          (padlen=0)
          ; First response header
          :status: 200
          server: nghttpd nghttp2/1.70.0
          cache-control: max-age=3600
          date: Fri, 02 Oct 2026 00:48:12 GMT
          content-length: 47
          last-modified: Fri, 02 Oct 2026 00:48:11 GMT
          content-type: text/event-stream
[id=2] [  0.748] send DATA frame <length=47, flags=0x01, stream_id=295>
          ; END_STREAM
[id=2] [  0.748] stream_id=295 closed
[id=2] [  0.748] recv (stream_id=297) :method: POST
[id=2] [  0.748] recv (stream_id=297) :authority: 127.0.0.1:64194
[id=2] [  0.748] recv (stream_id=297) :path: /small.sse
[id=2] [  0.748] recv (stream_id=297) :scheme: https
[id=2] [  0.748] recv (stream_id=297, sensitive) x-fixture: fourth
[id=2] [  0.748] recv (stream_id=297) content-type: application/json
[id=2] [  0.748] recv (stream_id=297) accept: text/event-stream
[id=2] [  0.748] recv (stream_id=297) accept-encoding: identity
[id=2] [  0.748] recv (stream_id=297, sensitive) content-length: 82
[id=2] [  0.748] recv HEADERS frame <length=27, flags=0x04, stream_id=297>
          ; END_HEADERS
          (padlen=0)
          ; Open new stream
[id=2] [  0.748] recv DATA frame <length=82, flags=0x01, stream_id=297>
          ; END_STREAM
[id=2] [  0.748] send HEADERS frame <length=11, flags=0x04, stream_id=297>
          ; END_HEADERS
          (padlen=0)
          ; First response header
          :status: 200
          server: nghttpd nghttp2/1.70.0
          cache-control: max-age=3600
          date: Fri, 02 Oct 2026 00:48:12 GMT
          content-length: 47
          last-modified: Fri, 02 Oct 2026 00:48:11 GMT
          content-type: text/event-stream
[id=2] [  0.748] send DATA frame <length=47, flags=0x01, stream_id=297>
          ; END_STREAM
[id=2] [  0.748] stream_id=297 closed
[id=2] [  0.748] recv (stream_id=299) :method: POST
[id=2] [  0.748] recv (stream_id=299) :authority: 127.0.0.1:64194
[id=2] [  0.748] recv (stream_id=299) :path: /small.sse
[id=2] [  0.748] recv (stream_id=299) :scheme: https
[id=2] [  0.748] recv (stream_id=299, sensitive) x-fixture: fourth
[id=2] [  0.748] recv (stream_id=299) content-type: application/json
[id=2] [  0.748] recv (stream_id=299) accept: text/event-stream
[id=2] [  0.748] recv (stream_id=299) accept-encoding: identity
[id=2] [  0.748] recv (stream_id=299, sensitive) content-length: 82
[id=2] [  0.748] recv HEADERS frame <length=27, flags=0x04, stream_id=299>
          ; END_HEADERS
          (padlen=0)
          ; Open new stream
[id=2] [  0.749] recv DATA frame <length=82, flags=0x01, stream_id=299>
          ; END_STREAM
[id=2] [  0.749] send HEADERS frame <length=11, flags=0x04, stream_id=299>
          ; END_HEADERS
          (padlen=0)
          ; First response header
          :status: 200
          server: nghttpd nghttp2/1.70.0
          cache-control: max-age=3600
          date: Fri, 02 Oct 2026 00:48:12 GMT
          content-length: 47
          last-modified: Fri, 02 Oct 2026 00:48:11 GMT
          content-type: text/event-stream
[id=2] [  0.749] send DATA frame <length=47, flags=0x01, stream_id=299>
          ; END_STREAM
[id=2] [  0.749] stream_id=299 closed
[id=2] [  0.749] recv (stream_id=301) :method: POST
[id=2] [  0.749] recv (stream_id=301) :authority: 127.0.0.1:64194
[id=2] [  0.749] recv (stream_id=301) :path: /small.sse
[id=2] [  0.749] recv (stream_id=301) :scheme: https
[id=2] [  0.749] recv (stream_id=301, sensitive) x-fixture: fourth
[id=2] [  0.749] recv (stream_id=301) content-type: application/json
[id=2] [  0.749] recv (stream_id=301) accept: text/event-stream
[id=2] [  0.749] recv (stream_id=301) accept-encoding: identity
[id=2] [  0.749] recv (stream_id=301, sensitive) content-length: 82
[id=2] [  0.749] recv HEADERS frame <length=27, flags=0x04, stream_id=301>
          ; END_HEADERS
          (padlen=0)
          ; Open new stream
[id=2] [  0.749] recv DATA frame <length=82, flags=0x01, stream_id=301>
          ; END_STREAM
[id=2] [  0.749] send HEADERS frame <length=11, flags=0x04, stream_id=301>
          ; END_HEADERS
          (padlen=0)
          ; First response header
          :status: 200
          server: nghttpd nghttp2/1.70.0
          cache-control: max-age=3600
          date: Fri, 02 Oct 2026 00:48:12 GMT
          content-length: 47
          last-modified: Fri, 02 Oct 2026 00:48:11 GMT
          content-type: text/event-stream
[id=2] [  0.749] send DATA frame <length=47, flags=0x01, stream_id=301>
          ; END_STREAM
[id=2] [  0.749] stream_id=301 closed
[id=2] [  0.749] recv (stream_id=303) :method: POST
[id=2] [  0.749] recv (stream_id=303) :authority: 127.0.0.1:64194
[id=2] [  0.749] recv (stream_id=303) :path: /small.sse
[id=2] [  0.749] recv (stream_id=303) :scheme: https
[id=2] [  0.749] recv (stream_id=303, sensitive) x-fixture: fourth
[id=2] [  0.749] recv (stream_id=303) content-type: application/json
[id=2] [  0.749] recv (stream_id=303) accept: text/event-stream
[id=2] [  0.749] recv (stream_id=303) accept-encoding: identity
[id=2] [  0.749] recv (stream_id=303, sensitive) content-length: 82
[id=2] [  0.749] recv HEADERS frame <length=27, flags=0x04, stream_id=303>
          ; END_HEADERS
          (padlen=0)
          ; Open new stream
[id=2] [  0.749] recv DATA frame <length=82, flags=0x01, stream_id=303>
          ; END_STREAM
[id=2] [  0.749] send HEADERS frame <length=11, flags=0x04, stream_id=303>
          ; END_HEADERS
          (padlen=0)
          ; First response header
          :status: 200
          server: nghttpd nghttp2/1.70.0
          cache-control: max-age=3600
          date: Fri, 02 Oct 2026 00:48:12 GMT
          content-length: 47
          last-modified: Fri, 02 Oct 2026 00:48:11 GMT
          content-type: text/event-stream
[id=2] [  0.749] send DATA frame <length=47, flags=0x01, stream_id=303>
          ; END_STREAM
[id=2] [  0.749] stream_id=303 closed
[id=2] [  0.749] recv (stream_id=305) :method: POST
[id=2] [  0.749] recv (stream_id=305) :authority: 127.0.0.1:64194
[id=2] [  0.749] recv (stream_id=305) :path: /small.sse
[id=2] [  0.749] recv (stream_id=305) :scheme: https
[id=2] [  0.749] recv (stream_id=305, sensitive) x-fixture: fourth
[id=2] [  0.749] recv (stream_id=305) content-type: application/json
[id=2] [  0.749] recv (stream_id=305) accept: text/event-stream
[id=2] [  0.749] recv (stream_id=305) accept-encoding: identity
[id=2] [  0.749] recv (stream_id=305, sensitive) content-length: 82
[id=2] [  0.749] recv HEADERS frame <length=27, flags=0x04, stream_id=305>
          ; END_HEADERS
          (padlen=0)
          ; Open new stream
[id=2] [  0.749] recv DATA frame <length=82, flags=0x01, stream_id=305>
          ; END_STREAM
[id=2] [  0.749] send HEADERS frame <length=11, flags=0x04, stream_id=305>
          ; END_HEADERS
          (padlen=0)
          ; First response header
          :status: 200
          server: nghttpd nghttp2/1.70.0
          cache-control: max-age=3600
          date: Fri, 02 Oct 2026 00:48:12 GMT
          content-length: 47
          last-modified: Fri, 02 Oct 2026 00:48:11 GMT
          content-type: text/event-stream
[id=2] [  0.749] send DATA frame <length=47, flags=0x01, stream_id=305>
          ; END_STREAM
[id=2] [  0.749] stream_id=305 closed
[id=2] [  0.749] recv (stream_id=307) :method: POST
[id=2] [  0.749] recv (stream_id=307) :authority: 127.0.0.1:64194
[id=2] [  0.749] recv (stream_id=307) :path: /small.sse
[id=2] [  0.749] recv (stream_id=307) :scheme: https
[id=2] [  0.749] recv (stream_id=307, sensitive) x-fixture: fourth
[id=2] [  0.749] recv (stream_id=307) content-type: application/json
[id=2] [  0.749] recv (stream_id=307) accept: text/event-stream
[id=2] [  0.749] recv (stream_id=307) accept-encoding: identity
[id=2] [  0.749] recv (stream_id=307, sensitive) content-length: 82
[id=2] [  0.749] recv HEADERS frame <length=27, flags=0x04, stream_id=307>
          ; END_HEADERS
          (padlen=0)
          ; Open new stream
[id=2] [  0.749] recv DATA frame <length=82, flags=0x01, stream_id=307>
          ; END_STREAM
[id=2] [  0.749] send HEADERS frame <length=11, flags=0x04, stream_id=307>
          ; END_HEADERS
          (padlen=0)
          ; First response header
          :status: 200
          server: nghttpd nghttp2/1.70.0
          cache-control: max-age=3600
          date: Fri, 02 Oct 2026 00:48:12 GMT
          content-length: 47
          last-modified: Fri, 02 Oct 2026 00:48:11 GMT
          content-type: text/event-stream
[id=2] [  0.749] send DATA frame <length=47, flags=0x01, stream_id=307>
          ; END_STREAM
[id=2] [  0.749] stream_id=307 closed
[id=2] [  0.749] recv (stream_id=309) :method: POST
[id=2] [  0.749] recv (stream_id=309) :authority: 127.0.0.1:64194
[id=2] [  0.749] recv (stream_id=309) :path: /small.sse
[id=2] [  0.749] recv (stream_id=309) :scheme: https
[id=2] [  0.749] recv (stream_id=309, sensitive) x-fixture: fourth
[id=2] [  0.749] recv (stream_id=309) content-type: application/json
[id=2] [  0.749] recv (stream_id=309) accept: text/event-stream
[id=2] [  0.749] recv (stream_id=309) accept-encoding: identity
[id=2] [  0.749] recv (stream_id=309, sensitive) content-length: 82
[id=2] [  0.749] recv HEADERS frame <length=27, flags=0x04, stream_id=309>
          ; END_HEADERS
          (padlen=0)
          ; Open new stream
[id=2] [  0.749] recv DATA frame <length=82, flags=0x01, stream_id=309>
          ; END_STREAM
[id=2] [  0.749] send HEADERS frame <length=11, flags=0x04, stream_id=309>
          ; END_HEADERS
          (padlen=0)
          ; First response header
          :status: 200
          server: nghttpd nghttp2/1.70.0
          cache-control: max-age=3600
          date: Fri, 02 Oct 2026 00:48:12 GMT
          content-length: 47
          last-modified: Fri, 02 Oct 2026 00:48:11 GMT
          content-type: text/event-stream
[id=2] [  0.749] send DATA frame <length=47, flags=0x01, stream_id=309>
          ; END_STREAM
[id=2] [  0.749] stream_id=309 closed
[id=2] [  0.749] recv (stream_id=311) :method: POST
[id=2] [  0.749] recv (stream_id=311) :authority: 127.0.0.1:64194
[id=2] [  0.749] recv (stream_id=311) :path: /small.sse
[id=2] [  0.749] recv (stream_id=311) :scheme: https
[id=2] [  0.749] recv (stream_id=311, sensitive) x-fixture: fourth
[id=2] [  0.749] recv (stream_id=311) content-type: application/json
[id=2] [  0.749] recv (stream_id=311) accept: text/event-stream
[id=2] [  0.749] recv (stream_id=311) accept-encoding: identity
[id=2] [  0.749] recv (stream_id=311, sensitive) content-length: 82
[id=2] [  0.749] recv HEADERS frame <length=27, flags=0x04, stream_id=311>
          ; END_HEADERS
          (padlen=0)
          ; Open new stream
[id=2] [  0.749] recv DATA frame <length=82, flags=0x01, stream_id=311>
          ; END_STREAM
[id=2] [  0.749] send HEADERS frame <length=11, flags=0x04, stream_id=311>
          ; END_HEADERS
          (padlen=0)
          ; First response header
          :status: 200
          server: nghttpd nghttp2/1.70.0
          cache-control: max-age=3600
          date: Fri, 02 Oct 2026 00:48:12 GMT
          content-length: 47
          last-modified: Fri, 02 Oct 2026 00:48:11 GMT
          content-type: text/event-stream
[id=2] [  0.749] send DATA frame <length=47, flags=0x01, stream_id=311>
          ; END_STREAM
[id=2] [  0.749] stream_id=311 closed
[id=2] [  0.749] recv (stream_id=313) :method: POST
[id=2] [  0.749] recv (stream_id=313) :authority: 127.0.0.1:64194
[id=2] [  0.749] recv (stream_id=313) :path: /small.sse
[id=2] [  0.749] recv (stream_id=313) :scheme: https
[id=2] [  0.749] recv (stream_id=313, sensitive) x-fixture: fourth
[id=2] [  0.749] recv (stream_id=313) content-type: application/json
[id=2] [  0.749] recv (stream_id=313) accept: text/event-stream
[id=2] [  0.749] recv (stream_id=313) accept-encoding: identity
[id=2] [  0.749] recv (stream_id=313, sensitive) content-length: 82
[id=2] [  0.749] recv HEADERS frame <length=27, flags=0x04, stream_id=313>
          ; END_HEADERS
          (padlen=0)
          ; Open new stream
[id=2] [  0.749] recv DATA frame <length=82, flags=0x01, stream_id=313>
          ; END_STREAM
[id=2] [  0.749] send HEADERS frame <length=11, flags=0x04, stream_id=313>
          ; END_HEADERS
          (padlen=0)
          ; First response header
          :status: 200
          server: nghttpd nghttp2/1.70.0
          cache-control: max-age=3600
          date: Fri, 02 Oct 2026 00:48:12 GMT
          content-length: 47
          last-modified: Fri, 02 Oct 2026 00:48:11 GMT
          content-type: text/event-stream
[id=2] [  0.749] send DATA frame <length=47, flags=0x01, stream_id=313>
          ; END_STREAM
[id=2] [  0.749] stream_id=313 closed
[id=2] [  0.749] recv (stream_id=315) :method: POST
[id=2] [  0.749] recv (stream_id=315) :authority: 127.0.0.1:64194
[id=2] [  0.749] recv (stream_id=315) :path: /small.sse
[id=2] [  0.750] recv (stream_id=315) :scheme: https
[id=2] [  0.750] recv (stream_id=315, sensitive) x-fixture: fourth
[id=2] [  0.750] recv (stream_id=315) content-type: application/json
[id=2] [  0.750] recv (stream_id=315) accept: text/event-stream
[id=2] [  0.750] recv (stream_id=315) accept-encoding: identity
[id=2] [  0.750] recv (stream_id=315, sensitive) content-length: 82
[id=2] [  0.750] recv HEADERS frame <length=27, flags=0x04, stream_id=315>
          ; END_HEADERS
          (padlen=0)
          ; Open new stream
[id=2] [  0.750] recv DATA frame <length=82, flags=0x01, stream_id=315>
          ; END_STREAM
[id=2] [  0.750] send HEADERS frame <length=11, flags=0x04, stream_id=315>
          ; END_HEADERS
          (padlen=0)
          ; First response header
          :status: 200
          server: nghttpd nghttp2/1.70.0
          cache-control: max-age=3600
          date: Fri, 02 Oct 2026 00:48:12 GMT
          content-length: 47
          last-modified: Fri, 02 Oct 2026 00:48:11 GMT
          content-type: text/event-stream
[id=2] [  0.750] send DATA frame <length=47, flags=0x01, stream_id=315>
          ; END_STREAM
[id=2] [  0.750] stream_id=315 closed
[id=2] [  0.750] recv (stream_id=317) :method: POST
[id=2] [  0.750] recv (stream_id=317) :authority: 127.0.0.1:64194
[id=2] [  0.750] recv (stream_id=317) :path: /small.sse
[id=2] [  0.750] recv (stream_id=317) :scheme: https
[id=2] [  0.750] recv (stream_id=317, sensitive) x-fixture: fourth
[id=2] [  0.750] recv (stream_id=317) content-type: application/json
[id=2] [  0.750] recv (stream_id=317) accept: text/event-stream
[id=2] [  0.750] recv (stream_id=317) accept-encoding: identity
[id=2] [  0.750] recv (stream_id=317, sensitive) content-length: 82
[id=2] [  0.750] recv HEADERS frame <length=27, flags=0x04, stream_id=317>
          ; END_HEADERS
          (padlen=0)
          ; Open new stream
[id=2] [  0.750] recv DATA frame <length=82, flags=0x01, stream_id=317>
          ; END_STREAM
[id=2] [  0.750] send HEADERS frame <length=11, flags=0x04, stream_id=317>
          ; END_HEADERS
          (padlen=0)
          ; First response header
          :status: 200
          server: nghttpd nghttp2/1.70.0
          cache-control: max-age=3600
          date: Fri, 02 Oct 2026 00:48:12 GMT
          content-length: 47
          last-modified: Fri, 02 Oct 2026 00:48:11 GMT
          content-type: text/event-stream
[id=2] [  0.750] send DATA frame <length=47, flags=0x01, stream_id=317>
          ; END_STREAM
[id=2] [  0.750] stream_id=317 closed
[id=2] [  0.750] recv (stream_id=319) :method: POST
[id=2] [  0.750] recv (stream_id=319) :authority: 127.0.0.1:64194
[id=2] [  0.750] recv (stream_id=319) :path: /small.sse
[id=2] [  0.750] recv (stream_id=319) :scheme: https
[id=2] [  0.750] recv (stream_id=319, sensitive) x-fixture: fourth
[id=2] [  0.750] recv (stream_id=319) content-type: application/json
[id=2] [  0.750] recv (stream_id=319) accept: text/event-stream
[id=2] [  0.750] recv (stream_id=319) accept-encoding: identity
[id=2] [  0.750] recv (stream_id=319, sensitive) content-length: 82
[id=2] [  0.750] recv HEADERS frame <length=27, flags=0x04, stream_id=319>
          ; END_HEADERS
          (padlen=0)
          ; Open new stream
[id=2] [  0.750] recv DATA frame <length=82, flags=0x01, stream_id=319>
          ; END_STREAM
[id=2] [  0.750] send HEADERS frame <length=11, flags=0x04, stream_id=319>
          ; END_HEADERS
          (padlen=0)
          ; First response header
          :status: 200
          server: nghttpd nghttp2/1.70.0
          cache-control: max-age=3600
          date: Fri, 02 Oct 2026 00:48:12 GMT
          content-length: 47
          last-modified: Fri, 02 Oct 2026 00:48:11 GMT
          content-type: text/event-stream
[id=2] [  0.750] send DATA frame <length=47, flags=0x01, stream_id=319>
          ; END_STREAM
[id=2] [  0.750] stream_id=319 closed
[id=2] [  0.750] recv (stream_id=321) :method: POST
[id=2] [  0.750] recv (stream_id=321) :authority: 127.0.0.1:64194
[id=2] [  0.750] recv (stream_id=321) :path: /small.sse
[id=2] [  0.750] recv (stream_id=321) :scheme: https
[id=2] [  0.750] recv (stream_id=321, sensitive) x-fixture: fourth
[id=2] [  0.750] recv (stream_id=321) content-type: application/json
[id=2] [  0.750] recv (stream_id=321) accept: text/event-stream
[id=2] [  0.750] recv (stream_id=321) accept-encoding: identity
[id=2] [  0.750] recv (stream_id=321, sensitive) content-length: 82
[id=2] [  0.750] recv HEADERS frame <length=27, flags=0x04, stream_id=321>
          ; END_HEADERS
          (padlen=0)
          ; Open new stream
[id=2] [  0.750] recv DATA frame <length=82, flags=0x01, stream_id=321>
          ; END_STREAM
[id=2] [  0.750] send HEADERS frame <length=11, flags=0x04, stream_id=321>
          ; END_HEADERS
          (padlen=0)
          ; First response header
          :status: 200
          server: nghttpd nghttp2/1.70.0
          cache-control: max-age=3600
          date: Fri, 02 Oct 2026 00:48:12 GMT
          content-length: 47
          last-modified: Fri, 02 Oct 2026 00:48:11 GMT
          content-type: text/event-stream
[id=2] [  0.750] send DATA frame <length=47, flags=0x01, stream_id=321>
          ; END_STREAM
[id=2] [  0.750] stream_id=321 closed
[id=2] [  0.750] recv (stream_id=323) :method: POST
[id=2] [  0.750] recv (stream_id=323) :authority: 127.0.0.1:64194
[id=2] [  0.750] recv (stream_id=323) :path: /small.sse
[id=2] [  0.750] recv (stream_id=323) :scheme: https
[id=2] [  0.750] recv (stream_id=323, sensitive) x-fixture: fourth
[id=2] [  0.750] recv (stream_id=323) content-type: application/json
[id=2] [  0.750] recv (stream_id=323) accept: text/event-stream
[id=2] [  0.750] recv (stream_id=323) accept-encoding: identity
[id=2] [  0.750] recv (stream_id=323, sensitive) content-length: 82
[id=2] [  0.750] recv HEADERS frame <length=27, flags=0x04, stream_id=323>
          ; END_HEADERS
          (padlen=0)
          ; Open new stream
[id=2] [  0.750] recv DATA frame <length=82, flags=0x01, stream_id=323>
          ; END_STREAM
[id=2] [  0.750] send HEADERS frame <length=11, flags=0x04, stream_id=323>
          ; END_HEADERS
          (padlen=0)
          ; First response header
          :status: 200
          server: nghttpd nghttp2/1.70.0
          cache-control: max-age=3600
          date: Fri, 02 Oct 2026 00:48:12 GMT
          content-length: 47
          last-modified: Fri, 02 Oct 2026 00:48:11 GMT
          content-type: text/event-stream
[id=2] [  0.750] send DATA frame <length=47, flags=0x01, stream_id=323>
          ; END_STREAM
[id=2] [  0.750] stream_id=323 closed
[id=2] [  0.750] recv (stream_id=325) :method: POST
[id=2] [  0.750] recv (stream_id=325) :authority: 127.0.0.1:64194
[id=2] [  0.750] recv (stream_id=325) :path: /small.sse
[id=2] [  0.750] recv (stream_id=325) :scheme: https
[id=2] [  0.750] recv (stream_id=325, sensitive) x-fixture: fourth
[id=2] [  0.750] recv (stream_id=325) content-type: application/json
[id=2] [  0.750] recv (stream_id=325) accept: text/event-stream
[id=2] [  0.750] recv (stream_id=325) accept-encoding: identity
[id=2] [  0.750] recv (stream_id=325, sensitive) content-length: 82
[id=2] [  0.750] recv HEADERS frame <length=27, flags=0x04, stream_id=325>
          ; END_HEADERS
          (padlen=0)
          ; Open new stream
[id=2] [  0.750] recv DATA frame <length=82, flags=0x01, stream_id=325>
          ; END_STREAM
[id=2] [  0.751] send HEADERS frame <length=11, flags=0x04, stream_id=325>
          ; END_HEADERS
          (padlen=0)
          ; First response header
          :status: 200
          server: nghttpd nghttp2/1.70.0
          cache-control: max-age=3600
          date: Fri, 02 Oct 2026 00:48:12 GMT
          content-length: 47
          last-modified: Fri, 02 Oct 2026 00:48:11 GMT
          content-type: text/event-stream
[id=2] [  0.751] send DATA frame <length=47, flags=0x01, stream_id=325>
          ; END_STREAM
[id=2] [  0.751] stream_id=325 closed
[id=2] [  0.751] recv (stream_id=327) :method: POST
[id=2] [  0.751] recv (stream_id=327) :authority: 127.0.0.1:64194
[id=2] [  0.751] recv (stream_id=327) :path: /small.sse
[id=2] [  0.751] recv (stream_id=327) :scheme: https
[id=2] [  0.751] recv (stream_id=327, sensitive) x-fixture: fourth
[id=2] [  0.751] recv (stream_id=327) content-type: application/json
[id=2] [  0.751] recv (stream_id=327) accept: text/event-stream
[id=2] [  0.751] recv (stream_id=327) accept-encoding: identity
[id=2] [  0.751] recv (stream_id=327, sensitive) content-length: 82
[id=2] [  0.751] recv HEADERS frame <length=27, flags=0x04, stream_id=327>
          ; END_HEADERS
          (padlen=0)
          ; Open new stream
[id=2] [  0.751] recv DATA frame <length=82, flags=0x01, stream_id=327>
          ; END_STREAM
[id=2] [  0.751] send HEADERS frame <length=11, flags=0x04, stream_id=327>
          ; END_HEADERS
          (padlen=0)
          ; First response header
          :status: 200
          server: nghttpd nghttp2/1.70.0
          cache-control: max-age=3600
          date: Fri, 02 Oct 2026 00:48:12 GMT
          content-length: 47
          last-modified: Fri, 02 Oct 2026 00:48:11 GMT
          content-type: text/event-stream
[id=2] [  0.751] send DATA frame <length=47, flags=0x01, stream_id=327>
          ; END_STREAM
[id=2] [  0.751] stream_id=327 closed
[id=2] [  0.751] recv (stream_id=329) :method: POST
[id=2] [  0.751] recv (stream_id=329) :authority: 127.0.0.1:64194
[id=2] [  0.751] recv (stream_id=329) :path: /small.sse
[id=2] [  0.751] recv (stream_id=329) :scheme: https
[id=2] [  0.751] recv (stream_id=329, sensitive) x-fixture: fourth
[id=2] [  0.751] recv (stream_id=329) content-type: application/json
[id=2] [  0.751] recv (stream_id=329) accept: text/event-stream
[id=2] [  0.751] recv (stream_id=329) accept-encoding: identity
[id=2] [  0.751] recv (stream_id=329, sensitive) content-length: 82
[id=2] [  0.751] recv HEADERS frame <length=27, flags=0x04, stream_id=329>
          ; END_HEADERS
          (padlen=0)
          ; Open new stream
[id=2] [  0.751] recv DATA frame <length=82, flags=0x01, stream_id=329>
          ; END_STREAM
[id=2] [  0.751] send HEADERS frame <length=11, flags=0x04, stream_id=329>
          ; END_HEADERS
          (padlen=0)
          ; First response header
          :status: 200
          server: nghttpd nghttp2/1.70.0
          cache-control: max-age=3600
          date: Fri, 02 Oct 2026 00:48:12 GMT
          content-length: 47
          last-modified: Fri, 02 Oct 2026 00:48:11 GMT
          content-type: text/event-stream
[id=2] [  0.751] send DATA frame <length=47, flags=0x01, stream_id=329>
          ; END_STREAM
[id=2] [  0.751] stream_id=329 closed
[id=2] [  0.751] recv (stream_id=331) :method: POST
[id=2] [  0.751] recv (stream_id=331) :authority: 127.0.0.1:64194
[id=2] [  0.751] recv (stream_id=331) :path: /small.sse
[id=2] [  0.751] recv (stream_id=331) :scheme: https
[id=2] [  0.751] recv (stream_id=331, sensitive) x-fixture: fourth
[id=2] [  0.751] recv (stream_id=331) content-type: application/json
[id=2] [  0.751] recv (stream_id=331) accept: text/event-stream
[id=2] [  0.751] recv (stream_id=331) accept-encoding: identity
[id=2] [  0.751] recv (stream_id=331, sensitive) content-length: 82
[id=2] [  0.751] recv HEADERS frame <length=27, flags=0x04, stream_id=331>
          ; END_HEADERS
          (padlen=0)
          ; Open new stream
[id=2] [  0.751] recv DATA frame <length=82, flags=0x01, stream_id=331>
          ; END_STREAM
[id=2] [  0.751] send HEADERS frame <length=11, flags=0x04, stream_id=331>
          ; END_HEADERS
          (padlen=0)
          ; First response header
          :status: 200
          server: nghttpd nghttp2/1.70.0
          cache-control: max-age=3600
          date: Fri, 02 Oct 2026 00:48:12 GMT
          content-length: 47
          last-modified: Fri, 02 Oct 2026 00:48:11 GMT
          content-type: text/event-stream
[id=2] [  0.751] send DATA frame <length=47, flags=0x01, stream_id=331>
          ; END_STREAM
[id=2] [  0.751] stream_id=331 closed
[id=2] [  0.751] recv (stream_id=333) :method: POST
[id=2] [  0.751] recv (stream_id=333) :authority: 127.0.0.1:64194
[id=2] [  0.751] recv (stream_id=333) :path: /small.sse
[id=2] [  0.751] recv (stream_id=333) :scheme: https
[id=2] [  0.751] recv (stream_id=333, sensitive) x-fixture: fourth
[id=2] [  0.751] recv (stream_id=333) content-type: application/json
[id=2] [  0.751] recv (stream_id=333) accept: text/event-stream
[id=2] [  0.751] recv (stream_id=333) accept-encoding: identity
[id=2] [  0.751] recv (stream_id=333, sensitive) content-length: 82
[id=2] [  0.751] recv HEADERS frame <length=27, flags=0x04, stream_id=333>
          ; END_HEADERS
          (padlen=0)
          ; Open new stream
[id=2] [  0.751] recv DATA frame <length=82, flags=0x01, stream_id=333>
          ; END_STREAM
[id=2] [  0.751] send HEADERS frame <length=11, flags=0x04, stream_id=333>
          ; END_HEADERS
          (padlen=0)
          ; First response header
          :status: 200
          server: nghttpd nghttp2/1.70.0
          cache-control: max-age=3600
          date: Fri, 02 Oct 2026 00:48:12 GMT
          content-length: 47
          last-modified: Fri, 02 Oct 2026 00:48:11 GMT
          content-type: text/event-stream
[id=2] [  0.751] send DATA frame <length=47, flags=0x01, stream_id=333>
          ; END_STREAM
[id=2] [  0.751] stream_id=333 closed
[id=2] [  0.751] recv (stream_id=335) :method: POST
[id=2] [  0.751] recv (stream_id=335) :authority: 127.0.0.1:64194
[id=2] [  0.751] recv (stream_id=335) :path: /small.sse
[id=2] [  0.751] recv (stream_id=335) :scheme: https
[id=2] [  0.751] recv (stream_id=335, sensitive) x-fixture: fourth
[id=2] [  0.751] recv (stream_id=335) content-type: application/json
[id=2] [  0.751] recv (stream_id=335) accept: text/event-stream
[id=2] [  0.751] recv (stream_id=335) accept-encoding: identity
[id=2] [  0.751] recv (stream_id=335, sensitive) content-length: 82
[id=2] [  0.751] recv HEADERS frame <length=27, flags=0x04, stream_id=335>
          ; END_HEADERS
          (padlen=0)
          ; Open new stream
[id=2] [  0.751] recv DATA frame <length=82, flags=0x01, stream_id=335>
          ; END_STREAM
[id=2] [  0.751] send HEADERS frame <length=11, flags=0x04, stream_id=335>
          ; END_HEADERS
          (padlen=0)
          ; First response header
          :status: 200
          server: nghttpd nghttp2/1.70.0
          cache-control: max-age=3600
          date: Fri, 02 Oct 2026 00:48:12 GMT
          content-length: 47
          last-modified: Fri, 02 Oct 2026 00:48:11 GMT
          content-type: text/event-stream
[id=2] [  0.751] send DATA frame <length=47, flags=0x01, stream_id=335>
          ; END_STREAM
[id=2] [  0.751] stream_id=335 closed
[id=2] [  0.751] recv (stream_id=337) :method: POST
[id=2] [  0.751] recv (stream_id=337) :authority: 127.0.0.1:64194
[id=2] [  0.751] recv (stream_id=337) :path: /small.sse
[id=2] [  0.751] recv (stream_id=337) :scheme: https
[id=2] [  0.751] recv (stream_id=337, sensitive) x-fixture: fourth
[id=2] [  0.751] recv (stream_id=337) content-type: application/json
[id=2] [  0.751] recv (stream_id=337) accept: text/event-stream
[id=2] [  0.751] recv (stream_id=337) accept-encoding: identity
[id=2] [  0.751] recv (stream_id=337, sensitive) content-length: 82
[id=2] [  0.751] recv HEADERS frame <length=27, flags=0x04, stream_id=337>
          ; END_HEADERS
          (padlen=0)
          ; Open new stream
[id=2] [  0.751] recv DATA frame <length=82, flags=0x01, stream_id=337>
          ; END_STREAM
[id=2] [  0.751] send HEADERS frame <length=11, flags=0x04, stream_id=337>
          ; END_HEADERS
          (padlen=0)
          ; First response header
          :status: 200
          server: nghttpd nghttp2/1.70.0
          cache-control: max-age=3600
          date: Fri, 02 Oct 2026 00:48:12 GMT
          content-length: 47
          last-modified: Fri, 02 Oct 2026 00:48:11 GMT
          content-type: text/event-stream
[id=2] [  0.751] send DATA frame <length=47, flags=0x01, stream_id=337>
          ; END_STREAM
[id=2] [  0.751] stream_id=337 closed
[id=2] [  0.752] recv (stream_id=339) :method: POST
[id=2] [  0.752] recv (stream_id=339) :authority: 127.0.0.1:64194
[id=2] [  0.752] recv (stream_id=339) :path: /small.sse
[id=2] [  0.752] recv (stream_id=339) :scheme: https
[id=2] [  0.752] recv (stream_id=339, sensitive) x-fixture: fourth
[id=2] [  0.752] recv (stream_id=339) content-type: application/json
[id=2] [  0.752] recv (stream_id=339) accept: text/event-stream
[id=2] [  0.752] recv (stream_id=339) accept-encoding: identity
[id=2] [  0.752] recv (stream_id=339, sensitive) content-length: 82
[id=2] [  0.752] recv HEADERS frame <length=27, flags=0x04, stream_id=339>
          ; END_HEADERS
          (padlen=0)
          ; Open new stream
[id=2] [  0.752] recv DATA frame <length=82, flags=0x01, stream_id=339>
          ; END_STREAM
[id=2] [  0.752] send HEADERS frame <length=11, flags=0x04, stream_id=339>
          ; END_HEADERS
          (padlen=0)
          ; First response header
          :status: 200
          server: nghttpd nghttp2/1.70.0
          cache-control: max-age=3600
          date: Fri, 02 Oct 2026 00:48:12 GMT
          content-length: 47
          last-modified: Fri, 02 Oct 2026 00:48:11 GMT
          content-type: text/event-stream
[id=2] [  0.752] send DATA frame <length=47, flags=0x01, stream_id=339>
          ; END_STREAM
[id=2] [  0.752] stream_id=339 closed
[id=2] [  0.752] recv (stream_id=341) :method: POST
[id=2] [  0.752] recv (stream_id=341) :authority: 127.0.0.1:64194
[id=2] [  0.752] recv (stream_id=341) :path: /small.sse
[id=2] [  0.752] recv (stream_id=341) :scheme: https
[id=2] [  0.752] recv (stream_id=341, sensitive) x-fixture: fourth
[id=2] [  0.752] recv (stream_id=341) content-type: application/json
[id=2] [  0.752] recv (stream_id=341) accept: text/event-stream
[id=2] [  0.752] recv (stream_id=341) accept-encoding: identity
[id=2] [  0.752] recv (stream_id=341, sensitive) content-length: 82
[id=2] [  0.752] recv HEADERS frame <length=27, flags=0x04, stream_id=341>
          ; END_HEADERS
          (padlen=0)
          ; Open new stream
[id=2] [  0.752] recv DATA frame <length=82, flags=0x01, stream_id=341>
          ; END_STREAM
[id=2] [  0.752] send HEADERS frame <length=11, flags=0x04, stream_id=341>
          ; END_HEADERS
          (padlen=0)
          ; First response header
          :status: 200
          server: nghttpd nghttp2/1.70.0
          cache-control: max-age=3600
          date: Fri, 02 Oct 2026 00:48:12 GMT
          content-length: 47
          last-modified: Fri, 02 Oct 2026 00:48:11 GMT
          content-type: text/event-stream
[id=2] [  0.752] send DATA frame <length=47, flags=0x01, stream_id=341>
          ; END_STREAM
[id=2] [  0.752] stream_id=341 closed
[id=2] [  0.752] recv (stream_id=343) :method: POST
[id=2] [  0.752] recv (stream_id=343) :authority: 127.0.0.1:64194
[id=2] [  0.752] recv (stream_id=343) :path: /small.sse
[id=2] [  0.752] recv (stream_id=343) :scheme: https
[id=2] [  0.752] recv (stream_id=343, sensitive) x-fixture: fourth
[id=2] [  0.752] recv (stream_id=343) content-type: application/json
[id=2] [  0.752] recv (stream_id=343) accept: text/event-stream
[id=2] [  0.752] recv (stream_id=343) accept-encoding: identity
[id=2] [  0.752] recv (stream_id=343, sensitive) content-length: 82
[id=2] [  0.752] recv HEADERS frame <length=27, flags=0x04, stream_id=343>
          ; END_HEADERS
          (padlen=0)
          ; Open new stream
[id=2] [  0.752] recv DATA frame <length=82, flags=0x01, stream_id=343>
          ; END_STREAM
[id=2] [  0.752] send HEADERS frame <length=11, flags=0x04, stream_id=343>
          ; END_HEADERS
          (padlen=0)
          ; First response header
          :status: 200
          server: nghttpd nghttp2/1.70.0
          cache-control: max-age=3600
          date: Fri, 02 Oct 2026 00:48:12 GMT
          content-length: 47
          last-modified: Fri, 02 Oct 2026 00:48:11 GMT
          content-type: text/event-stream
[id=2] [  0.752] send DATA frame <length=47, flags=0x01, stream_id=343>
          ; END_STREAM
[id=2] [  0.752] stream_id=343 closed
[id=2] [  0.752] recv (stream_id=345) :method: POST
[id=2] [  0.752] recv (stream_id=345) :authority: 127.0.0.1:64194
[id=2] [  0.752] recv (stream_id=345) :path: /small.sse
[id=2] [  0.752] recv (stream_id=345) :scheme: https
[id=2] [  0.752] recv (stream_id=345, sensitive) x-fixture: fourth
[id=2] [  0.752] recv (stream_id=345) content-type: application/json
[id=2] [  0.752] recv (stream_id=345) accept: text/event-stream
[id=2] [  0.752] recv (stream_id=345) accept-encoding: identity
[id=2] [  0.752] recv (stream_id=345, sensitive) content-length: 82
[id=2] [  0.752] recv HEADERS frame <length=27, flags=0x04, stream_id=345>
          ; END_HEADERS
          (padlen=0)
          ; Open new stream
[id=2] [  0.752] recv DATA frame <length=82, flags=0x01, stream_id=345>
          ; END_STREAM
[id=2] [  0.752] send HEADERS frame <length=11, flags=0x04, stream_id=345>
          ; END_HEADERS
          (padlen=0)
          ; First response header
          :status: 200
          server: nghttpd nghttp2/1.70.0
          cache-control: max-age=3600
          date: Fri, 02 Oct 2026 00:48:12 GMT
          content-length: 47
          last-modified: Fri, 02 Oct 2026 00:48:11 GMT
          content-type: text/event-stream
[id=2] [  0.752] send DATA frame <length=47, flags=0x01, stream_id=345>
          ; END_STREAM
[id=2] [  0.752] stream_id=345 closed
[id=2] [  0.752] recv (stream_id=347) :method: POST
[id=2] [  0.752] recv (stream_id=347) :authority: 127.0.0.1:64194
[id=2] [  0.752] recv (stream_id=347) :path: /small.sse
[id=2] [  0.752] recv (stream_id=347) :scheme: https
[id=2] [  0.752] recv (stream_id=347, sensitive) x-fixture: fourth
[id=2] [  0.752] recv (stream_id=347) content-type: application/json
[id=2] [  0.752] recv (stream_id=347) accept: text/event-stream
[id=2] [  0.752] recv (stream_id=347) accept-encoding: identity
[id=2] [  0.752] recv (stream_id=347, sensitive) content-length: 82
[id=2] [  0.752] recv HEADERS frame <length=27, flags=0x04, stream_id=347>
          ; END_HEADERS
          (padlen=0)
          ; Open new stream
[id=2] [  0.752] recv DATA frame <length=82, flags=0x01, stream_id=347>
          ; END_STREAM
[id=2] [  0.752] send HEADERS frame <length=11, flags=0x04, stream_id=347>
          ; END_HEADERS
          (padlen=0)
          ; First response header
          :status: 200
          server: nghttpd nghttp2/1.70.0
          cache-control: max-age=3600
          date: Fri, 02 Oct 2026 00:48:12 GMT
          content-length: 47
          last-modified: Fri, 02 Oct 2026 00:48:11 GMT
          content-type: text/event-stream
[id=2] [  0.752] send DATA frame <length=47, flags=0x01, stream_id=347>
          ; END_STREAM
[id=2] [  0.752] stream_id=347 closed
[id=2] [  0.753] recv (stream_id=349) :method: POST
[id=2] [  0.753] recv (stream_id=349) :authority: 127.0.0.1:64194
[id=2] [  0.753] recv (stream_id=349) :path: /small.sse
[id=2] [  0.753] recv (stream_id=349) :scheme: https
[id=2] [  0.753] recv (stream_id=349, sensitive) x-fixture: fourth
[id=2] [  0.753] recv (stream_id=349) content-type: application/json
[id=2] [  0.753] recv (stream_id=349) accept: text/event-stream
[id=2] [  0.753] recv (stream_id=349) accept-encoding: identity
[id=2] [  0.753] recv (stream_id=349, sensitive) content-length: 82
[id=2] [  0.753] recv HEADERS frame <length=27, flags=0x04, stream_id=349>
          ; END_HEADERS
          (padlen=0)
          ; Open new stream
[id=2] [  0.753] recv DATA frame <length=82, flags=0x01, stream_id=349>
          ; END_STREAM
[id=2] [  0.753] send HEADERS frame <length=11, flags=0x04, stream_id=349>
          ; END_HEADERS
          (padlen=0)
          ; First response header
          :status: 200
          server: nghttpd nghttp2/1.70.0
          cache-control: max-age=3600
          date: Fri, 02 Oct 2026 00:48:12 GMT
          content-length: 47
          last-modified: Fri, 02 Oct 2026 00:48:11 GMT
          content-type: text/event-stream
[id=2] [  0.753] send DATA frame <length=47, flags=0x01, stream_id=349>
          ; END_STREAM
[id=2] [  0.753] stream_id=349 closed
[id=2] [  0.753] recv (stream_id=351) :method: POST
[id=2] [  0.753] recv (stream_id=351) :authority: 127.0.0.1:64194
[id=2] [  0.753] recv (stream_id=351) :path: /small.sse
[id=2] [  0.753] recv (stream_id=351) :scheme: https
[id=2] [  0.753] recv (stream_id=351, sensitive) x-fixture: fourth
[id=2] [  0.753] recv (stream_id=351) content-type: application/json
[id=2] [  0.753] recv (stream_id=351) accept: text/event-stream
[id=2] [  0.753] recv (stream_id=351) accept-encoding: identity
[id=2] [  0.753] recv (stream_id=351, sensitive) content-length: 82
[id=2] [  0.753] recv HEADERS frame <length=27, flags=0x04, stream_id=351>
          ; END_HEADERS
          (padlen=0)
          ; Open new stream
[id=2] [  0.753] recv DATA frame <length=82, flags=0x01, stream_id=351>
          ; END_STREAM
[id=2] [  0.753] send HEADERS frame <length=11, flags=0x04, stream_id=351>
          ; END_HEADERS
          (padlen=0)
          ; First response header
          :status: 200
          server: nghttpd nghttp2/1.70.0
          cache-control: max-age=3600
          date: Fri, 02 Oct 2026 00:48:12 GMT
          content-length: 47
          last-modified: Fri, 02 Oct 2026 00:48:11 GMT
          content-type: text/event-stream
[id=2] [  0.753] send DATA frame <length=47, flags=0x01, stream_id=351>
          ; END_STREAM
[id=2] [  0.753] stream_id=351 closed
[id=2] [  0.753] recv (stream_id=353) :method: POST
[id=2] [  0.753] recv (stream_id=353) :authority: 127.0.0.1:64194
[id=2] [  0.753] recv (stream_id=353) :path: /small.sse
[id=2] [  0.753] recv (stream_id=353) :scheme: https
[id=2] [  0.753] recv (stream_id=353, sensitive) x-fixture: fourth
[id=2] [  0.753] recv (stream_id=353) content-type: application/json
[id=2] [  0.753] recv (stream_id=353) accept: text/event-stream
[id=2] [  0.753] recv (stream_id=353) accept-encoding: identity
[id=2] [  0.753] recv (stream_id=353, sensitive) content-length: 82
[id=2] [  0.753] recv HEADERS frame <length=27, flags=0x04, stream_id=353>
          ; END_HEADERS
          (padlen=0)
          ; Open new stream
[id=2] [  0.753] recv DATA frame <length=82, flags=0x01, stream_id=353>
          ; END_STREAM
[id=2] [  0.753] send HEADERS frame <length=11, flags=0x04, stream_id=353>
          ; END_HEADERS
          (padlen=0)
          ; First response header
          :status: 200
          server: nghttpd nghttp2/1.70.0
          cache-control: max-age=3600
          date: Fri, 02 Oct 2026 00:48:12 GMT
          content-length: 47
          last-modified: Fri, 02 Oct 2026 00:48:11 GMT
          content-type: text/event-stream
[id=2] [  0.753] send DATA frame <length=47, flags=0x01, stream_id=353>
          ; END_STREAM
[id=2] [  0.753] stream_id=353 closed
[id=2] [  0.753] recv (stream_id=355) :method: POST
[id=2] [  0.753] recv (stream_id=355) :authority: 127.0.0.1:64194
[id=2] [  0.753] recv (stream_id=355) :path: /small.sse
[id=2] [  0.753] recv (stream_id=355) :scheme: https
[id=2] [  0.753] recv (stream_id=355, sensitive) x-fixture: fourth
[id=2] [  0.753] recv (stream_id=355) content-type: application/json
[id=2] [  0.753] recv (stream_id=355) accept: text/event-stream
[id=2] [  0.753] recv (stream_id=355) accept-encoding: identity
[id=2] [  0.753] recv (stream_id=355, sensitive) content-length: 82
[id=2] [  0.753] recv HEADERS frame <length=27, flags=0x04, stream_id=355>
          ; END_HEADERS
          (padlen=0)
          ; Open new stream
[id=2] [  0.753] recv DATA frame <length=82, flags=0x01, stream_id=355>
          ; END_STREAM
[id=2] [  0.753] send HEADERS frame <length=11, flags=0x04, stream_id=355>
          ; END_HEADERS
          (padlen=0)
          ; First response header
          :status: 200
          server: nghttpd nghttp2/1.70.0
          cache-control: max-age=3600
          date: Fri, 02 Oct 2026 00:48:12 GMT
          content-length: 47
          last-modified: Fri, 02 Oct 2026 00:48:11 GMT
          content-type: text/event-stream
[id=2] [  0.753] send DATA frame <length=47, flags=0x01, stream_id=355>
          ; END_STREAM
[id=2] [  0.753] stream_id=355 closed
[id=2] [  0.753] recv (stream_id=357) :method: POST
[id=2] [  0.753] recv (stream_id=357) :authority: 127.0.0.1:64194
[id=2] [  0.753] recv (stream_id=357) :path: /small.sse
[id=2] [  0.753] recv (stream_id=357) :scheme: https
[id=2] [  0.753] recv (stream_id=357, sensitive) x-fixture: fourth
[id=2] [  0.753] recv (stream_id=357) content-type: application/json
[id=2] [  0.753] recv (stream_id=357) accept: text/event-stream
[id=2] [  0.753] recv (stream_id=357) accept-encoding: identity
[id=2] [  0.753] recv (stream_id=357, sensitive) content-length: 82
[id=2] [  0.753] recv HEADERS frame <length=27, flags=0x04, stream_id=357>
          ; END_HEADERS
          (padlen=0)
          ; Open new stream
[id=2] [  0.753] recv DATA frame <length=82, flags=0x01, stream_id=357>
          ; END_STREAM
[id=2] [  0.753] send HEADERS frame <length=11, flags=0x04, stream_id=357>
          ; END_HEADERS
          (padlen=0)
          ; First response header
          :status: 200
          server: nghttpd nghttp2/1.70.0
          cache-control: max-age=3600
          date: Fri, 02 Oct 2026 00:48:12 GMT
          content-length: 47
          last-modified: